symbol,mcap_cr
1STCUS,11.5
20MICRONS,626.21
21STCENMGM,37.67
360ONE,44225.63
3BBLACKBIO,1158.86
3BFILMS,52.45
3CIT,10.84
3IINFOLTD,329.17
3MINDIA,37603.84
3PLAND,60.48
4THGEN,3.22
5PAISA,1297.62
63MOONS,2937.92
7NR,25.28
7SEASL,174.33
7TEC,41.7
A1L,901.54
A2ZINFRA,271.19
AAATECH,126.39
AADHAARVEN,7.7
AADHARHFC,20746.57
AADIIND,9.21
AAGAMCAP,23.25
AAIL,103.22
AAKASH,87.74
AANANDALAK,4.13
AANCHALISP,11.04
AAPLUSTRAD,30.6
AARCON,8.17
AAREYDRUGS,211.78
AARNAV,104.58
AARON,297.62
AARSHYAM,4.03
AARTECH,145.3
AARTIDRUGS,3391.05
AARTIIND,15833.51
AARTIPHARM,6372.03
AARTISURF,330.88
AARVI,192.09
AASHKA,175.5
AASTAFIN,55.01
AAVAS,10584.23
AAYUSH,167.35
AAYUSHBULL,1667.11
ABAN,113.46
ABANSENT,188.39
ABATEAS,188.87
ABB,133314.16
ABBOTINDIA,56740.84
ABCAPITAL,90641.1
ABCINDQ,35.69
ABCOTS,748.92
ABDL,14513.23
ABFRL,7890.28
ABHICAP,81.81
ABHIFIN,21.94
ABHIINFRA,3.79
ABHISHEK,0.91
ABINFRA,1021.46
ABIRAFN,18.45
ABLBL,12757.55
ABMINTLLTD,40.55
ABMKNO,470.88
ABREL,14834.28
ABRFL,43.31
ABRIL,30.16
ABSLAMC,27715.27
ABVL,131.37
ACC,27898.12
ACCEDERE,32.12
ACCEL,75.29
ACCELERATE,47.57
ACCELYA,1779.1
ACCORDTS,120.69
ACCURACY,76.69
ACE,10555.61
ACEALPHA,179.03
ACEEDU,4.23
ACEENGITEC,11.36
ACEINTEG,19.73
ACEMEN,124.51
ACESOFT,274.07
ACFL,27.86
ACFSL,23.3
ACGL,1118.68
ACHAL,1.77
ACHYUT,135.85
ACI,6971.68
ACIIN,13.02
ACKNIT,83.46
ACL,515.17
ACLD,286.68
ACME,82.13
ACMESOLAR,16608.63
ACML,51.93
ACROW,48.86
ACSTECH,236.17
ACTIVE,180.66
ACUTAAS,19763.52
ADANIENSOL,140982.83
ADANIENT,287077.06
ADANIGREEN,184601.23
ADANIPORTS,360359.34
ADANIPOWER,346677.1
ADARSHPL,30.84
ADCINDIA,772.73
ADCON,10.23
ADCOUNTY,267.1
ADDIND,107.45
ADESHWAR,25.09
ADFFOODS,2501.57
ADHBHUTIN,15.85
ADHHATA,13.77
ADINATH,14.19
ADISHAKTI,16.43
ADITYA,5.34
ADITYASP,27.64
ADJIA,4.93
ADL,40.11
ADLINE,7.38
ADMACH,156.71
ADMANUM,41.36
ADOR,1822.6
ADROITINFO,51.57
ADSL,681.4
ADTECH,71.86
ADTYFRG,1.34
ADVAIT,2011.97
ADVANCE,725.48
ADVANIHOTR,499.51
ADVENTHTL,922.54
ADVENZYMES,3556.1
ADVIKCA,91.73
ADVIKLA,3.28
ADVLIFE,16.57
ADVMULT,1.66
ADVPETR-B,17.57
ADVPOWER,1.55
AEGISLOG,25512.09
AEGISVOPAK,23013.07
AEIM,272.15
AEL,165.97
AEONXDIGI,61.77
AEPL,442.78
AEQUS,10845.97
AEROENTER,1010.4
AEROFLEX,3804.83
AERONEU,202.53
AERPACE,390.27
AETHER,14359.5
AFCOM,2280.86
AFCONS,11829.01
AFEL,6.75
AFFLE,21072.92
AFFORDABLE,199.46
AFIL,339.21
AFLTD,62.16
AFSL,1023.1
AGARIND,786.41
AGARWAL,7.14
AGARWALEYE,14391.0
AGI,3901.14
AGIIL,4001.63
AGIOPAPER,6.67
AGOL,154.66
AGRIBIO,288.88
AGRITECH,72.3
AGROPHOS,67.15
AGSTRA,40.31
AGVENTURES,113.71
AHASOLAR,25.19
AHCL,704.43
AHLADA,57.55
AHLEAST,264.4
AHLUCONT,5491.85
AHLWEST,376.82
AHMDSTE,253.39
AIAENG,37379.24
AICHAMP,94.36
AIFL,3.4
AIHL,9.71
AIIL,42651.67
AIKPIPES,16.22
AIMCOPEST,50.95
AIML,69.34
AIRAN,204.52
AIRFLOA,725.5
AIRLTD,1380.29
AIROLAM,132.98
AJANTPHARM,36652.46
AJANTSOY,195.77
AJAXENGG,5972.64
AJCJEWEL,61.32
AJCON,38.11
AJEL,7.33
AJIL,93.31
AJMERA,2630.76
AJOONI,72.66
AJRINFRA,64.04
AJWAFUN,28.51
AKASH,44.04
AKCAPIT,1036.05
AKG,37.82
AKI,54.91
AKSHAR,36.54
AKSHARCHEM,166.64
AKSHOPTFBR,94.04
AKUMS,7952.96
ALANKIT,240.91
ALANSCOTT,157.88
ALBERTDAVD,403.65
ALCHCORP,14.13
ALCHEM,4.08
ALEMBICLTD,2312.59
ALEXANDER,8.3
ALFAICA,31.9
ALFATRAN,38.88
ALFAVIO,27.66
ALFL,6.04
ALFREDHE,212.74
ALGOQUANT,1632.93
ALICON,1148.23
ALIVUS,12133.06
ALKALI,72.03
ALKASEC,8.54
ALKEM,65711.38
ALKOSIGN,69.0
ALKYLAMINE,7987.12
ALLCARGO,1295.0
ALLDIGI,1246.16
ALLTIME,1531.17
ALMONDZ,258.87
ALNATRD,0.58
ALOKINDS,6887.04
ALPA,141.77
ALPHAGEO,134.61
ALPHAIND,163.37
ALPHALOGIC,370.01
ALPINEHOU,159.95
ALPSINDUS,13.46
ALSL,282.94
ALSTONE,101.55
ALUFLUOR,365.86
AMAGI,8550.14
AMAL,676.34
AMALGAM,17.72
AMANAYA,7.21
AMANTA,459.87
AMARJOTHI,97.16
AMARNATH,7.75
AMARSEC,3.91
AMBALALSA,224.6
AMBARPIL,105.63
AMBER,25488.32
AMBICAAGAR,41.47
AMBIKCO,813.61
AMBIT,6.06
AMBITION,4.42
AMBOAGRI,45.46
AMBUJACEM,116085.72
AMCOIND,28.76
AMDIND,84.0
AMEENJI,147.53
AMERISE,4.6
AMFORG,10.84
AMIC,1552.45
AMINTAN,17.92
AMIRCHAND,1352.54
AMITINT,6.18
AMITSEC,36.07
AMJLAND,166.79
AMKAY,51.62
AMNPLST,952.21
AMPVOLTS,73.54
AMRAAGRI,6.59
AMRAFIN,20.27
AMRAPLIN,93.49
AMRUTANJAN,1661.64
AMS,14.85
AMTL,31.02
AMWILL,74.48
ANANDPROJ,2.29
ANANDRATHI,27475.11
ANANTRAJ,18561.52
ANDHRAPAP,1283.23
ANDHRAPET,358.16
ANDHRSUGAR,1076.57
ANDREWYU,1100.71
ANG,34.67
ANGEL,32.44
ANGELONE,25611.97
ANIKINDS,124.59
ANIRIT,118.35
ANJANI,36.01
ANJANIFIN,10.48
ANJANIFOODS,51.51
ANKIN,141.37
ANKITMETAL,22.87
ANL,162.37
ANMOL,67.05
ANNAINFRA,11.97
ANSALAPI,56.2
ANSALBU,74.69
ANSALHSG,54.14
ANSINDUS,15.77
ANTARIKSH,0.04
ANTELOPUS,2200.04
ANTGRAPHIC,13.3
ANTHEM,39495.37
ANUBHAV,81.51
ANUHPHR,778.23
ANUP,3826.9
ANUPAM,41.58
ANURAS,14735.88
ANUROOP,13.52
ANVRDHI,28.83
APARINDS,44442.63
APCL,357.61
APCOTEXIND,2132.3
APEX,1225.38
APIL,13.32
APIS,918.47
APL,67.41
APLAB,291.95
APLAPOLLO,55066.96
APLLTD,14765.41
APMIN,89.36
APOLLO,10077.69
APOLLOFI,137.33
APOLLOHOSP,110663.01
APOLLOIN,33.34
APOLLOPIPE,1774.21
APOLLOTYRE,28016.08
APOLSINHOT,312.69
APOORVA,70.1
APPL,246.77
APTANN,0.38
APTECHT,539.38
APTPACK,150.54
APTUS,12650.31
AQYLON,2526.29
ARAVALIS,6.74
ARCEEIN,7.36
ARCFIN,50.47
ARCHIDPLY,162.41
ARCHIES,51.07
ARCHITORG,93.4
ARCL,165.15
ARCOTECH,24.57
ARDIALL,0.11
ARE&M,15262.0
ARENTERP,12.48
AREXMIS,42.7
ARFIN,1410.92
ARIES,444.81
ARIGATO,30.28
ARIHANT,980.12
ARIHANTCAP,791.49
ARIHANTINS,1.47
ARIHANTSUP,1136.12
ARIS,943.92
ARISE,10.11
ARISINT,55.11
ARITAS,35.42
ARKADE,2160.69
ARL,288.79
ARMAN,55.75
ARMANFIN,1665.8
ARNOLD,30.94
AROGRANITE,40.35
ARROWGREEN,735.07
ARROWHEAD,13.41
ARSHIYA,34.04
ARSSBL,3442.5
ARSSINFRA,124.7
ARTEFACT,44.0
ARTEMISMED,3906.15
ARTNIRMAN,103.59
ARTSON,556.51
ARUNAHTEL,26.88
ARUR,6.14
ARVEE,179.13
ARVIND,10346.13
ARVINDFASN,6054.26
ARVSMART,2627.23
ARYACAPM,524.71
ARYAMAN,761.55
ARYAN,6.29
ARYAVAN,35.42
ASAHIIND,33.82
ASAHIINDIA,22652.51
ASAHISONG,275.21
ASAL,745.34
ASALCBR,1592.42
ASARFI,376.18
ASCENSIVE,78.43
ASEEMG,2.86
ASGARD,680.69
ASHAI,4.46
ASHAPURMIN,6101.15
ASHCAP,24.36
ASHIANA,3307.25
ASHIKA,1633.99
ASHIMASYN,302.92
ASHIS,18.57
ASHISHPO,10.42
ASHNI,98.4
ASHNOOR,65.47
ASHOKA,3770.36
ASHOKAMET,37.7
ASHOKLEY,102984.95
ASHOKRE,4.54
ASHRAM,6.05
ASHSI,30.97
ASHUTPM,4.38
ASIACAP,12.02
ASIAN,12.52
ASIANBRG,2.19
ASIANENE,1353.42
ASIANFR,0.91
ASIANHOTNR,946.62
ASIANPAINT,240479.16
ASIANTILES,1626.3
ASIANTNE,24.49
ASIAPAK,12.89
ASIIL,231.11
ASIL,2.84
ASINPET,21.88
ASISL,5.19
ASITCFIN,100.81
ASKAUTOLTD,8680.67
ASMS,278.63
ASMTEC,4286.41
ASPINWALL,177.15
ASPIRA,78.94
ASRL,21.24
ASSAMENT,112.97
ASSOCER,56.24
ASSOCIATED,13.48
ASTALLTD,186.36
ASTAR,1002.39
ASTEC,1488.76
ASTERDM,34942.73
ASTONEALAB,189.56
ASTRAL,41608.34
ASTRAMICRO,10460.26
ASTRAZEN,21209.13
ASTRON,20.07
ASTRONMULT,15.37
ASUTENT,0.56
ASYL,5.75
ATALREAL,318.02
ATAM,79.92
ATCOM,4.89
ATENPAPERS,22.12
ATGL,65555.88
ATHARVENT,6.49
ATHCON,3.1
ATHENAGLO,105.26
ATHERENERG,31094.27
ATIL,136.8
ATISHAY,220.35
ATL,662.99
ATLANTAA,337.47
ATLANTAELE,9967.99
ATLASCYCLE,62.52
ATMAIND,35.37
ATNINTER,0.75
ATUL,19091.53
ATULAUTO,1268.9
ATVOENT,232.87
ATVPR,175.4
AUBANK,73397.69
AUDROC,15.11
AUREATE,63.77
AURIGROW,54.13
AURIONPRO,4861.91
AURIQUE,1.62
AUROLAB,162.95
AUROPHARMA,76934.28
AURUM,1375.98
AUSOMENT,162.02
AUSTENG,42.88
AUSTERE,50.28
AUTOAXLES,2764.89
AUTOIND,331.87
AUTOINT,159.39
AUTOPINS,98.29
AUTOPRD,2.5
AVADHSUGAR,840.29
AVAILFC,152.37
AVALON,7685.74
AVANCE,228.27
AVANTEL,4051.6
AVANTIFEED,15774.65
AVAX,36.13
AVEER,232.2
AVG,252.04
AVI,134.27
AVIVA,63.73
AVL,6621.38
AVONMERC,8.97
AVONMORE,371.2
AVROIND,161.26
AVTNPL,1003.57
AWFIS,2425.34
AWHCL,1376.74
AWL,25533.89
AXELPOLY,46.96
AXENTRA,471.56
AXISBANK,405167.74
AXISCADES,6882.57
AXISOL,1008.17
AXITA,328.09
AXTEL,686.76
AYE,3223.82
AYMSYNTEX,1156.43
AZAD,11577.39
AZADIND,557.56
AZTEC,132.91
B2BSOFT,44.92
BABA,65.28
BACPHAR,68.9
BAFEG,0.64
BAFNAPH,314.17
BAGFILMS,103.37
BAGMANE,35145.91
BAIDFIN,163.18
BAIKAKAJI,394.89
BAJAJ-AUTO,272660.71
BAJAJCON,5609.01
BAJAJELEC,4324.01
BAJAJFINSV,295681.67
BAJAJHCARE,1059.23
BAJAJHFL,72345.53
BAJAJHIND,3071.68
BAJAJHLDNG,116073.21
BAJAJINDEF,879.19
BAJAJST,874.97
BAJEL,1988.78
BAJFINANCE,580333.46
BAJGLOB,0.22
BALAJEE,254.68
BALAJITELE,1143.32
BALAMINES,4434.09
BALAXI,129.55
BALGOPAL,328.43
BALKRISHNA,55.55
BALKRISIND,44251.52
BALLARPUR,115.12
BALMLAWRIE,3026.65
BALPHARMA,121.2
BALRAMCHIN,9882.07
BALTE,24.48
BALUFORGE,5388.54
BAMBINO,167.66
BAMPSL,65.4
BANARBEADS,74.66
BANARISUG,4520.62
BANASFN,61.82
BANCOINDIA,8849.91
BANDARAM,51.0
BANDHANBNK,28380.08
BANG,52.86
BANKA,75.89
BANKBARODA,146181.93
BANKINDIA,68756.36
BANSALWIRE,4485.42
BANSTEA,9.19
BANSWRAS,397.22
BAPACK,39.81
BARODARY,268.54
BAROEXT,178.97
BARONINF,1.66
BASANTGL,103.02
BASF,15518.88
BASML,188.33
BATAINDIA,9750.34
BATLIBOI,398.77
BAYERCROP,20338.9
BAZELINTER,16.53
BBL,2981.69
BBOX,11386.36
BBREALTY,6.29
BBTC,11202.0
BBTCL,393.95
BCCFUBA,240.17
BCCL,216.86
BCG,2027.63
BCLENTERPR,7.41
BCLIND,930.44
BCONCEPTS,305.64
BCP,13.41
BCPL,122.24
BDH,224.82
BDI,153.78
BDL,48905.33
BEARDSELL,105.57
BECTORFOOD,6118.8
BEDMUTHA,381.69
BEEKAY,781.61
BEEYU,3.85
BEEZAASAN,313.69
BEFOUNDMOL,3.7
BEL,313322.55
BELDING,2193.82
BELLACASA,372.9
BELRISE,17741.11
BEMHY,372.86
BEML,14355.9
BENARA,17.3
BENARAS,1274.98
BENCHMARK,18.7
BENGALASM,7144.28
BENGALS,0.02
BENGALT,135.49
BENTCOM,0.4
BEPL,2247.9
BERGEPAINT,55880.7
BERLDRG,11.02
BERVINL,34.48
BERYLSE,13.88
BESTAGRO,647.6
BESTEAST,19.54
BETA,1421.6
BETALA,0.85
BETXIND,56.62
BFINVEST,1521.09
BFLAFL,9.06
BFUTILITIE,2032.01
BGDL,1100.46
BGIL,10.28
BGLOBAL,4.9
BGRENERGY,2291.99
BGWTATO,155.38
BHAGCHEM,2957.62
BHAGERIA,732.75
BHAGGAS,5.21
BHAGWOX,8.81
BHAGYANGR,711.27
BHANDARI,111.93
BHANDERI,37.99
BHARAT,16.89
BHARATAGRI,142.57
BHARATCOAL,16718.48
BHARATFORG,84934.97
BHARATGEAR,168.89
BHARATIDIL,10.06
BHARATRAS,2580.36
BHARATROHAN,244.9
BHARATSE,1100.15
BHARATWIRE,1313.88
BHARTIARTL,1116490.61
BHARTIHEXA,78568.07
BHASKAGR,74.32
BHATEXT,18.2
BHATIA,307.6
BHAVIK,309.54
BHEEMACEM,52.67
BHEL,109928.78
BHILSPIN,103.51
BHUDEVI,113.51
BI,147.87
BIBCL,76.42
BIGBLOC,764.28
BIHSPONG,114.03
BIJHANS,132.74
BIKAJI,16436.23
BIL,1009.34
BILENERGY,13.95
BILLWIN,11.24
BILVYAPAR,18.55
BIMETAL,221.6
BINDALEXPO,12.08
BINNY,314.59
BINNYMILLS,76.39
BIOCON,61355.7
BIOFILCHEM,54.18
BIOGEN,49.55
BIOPAC,3.43
BIRET,25995.08
BIRLACABLE,462.76
BIRLACAP,0.94
BIRLACORPN,7548.8
BIRLACOT,34.93
BIRLAMONEY,748.56
BIRLANU,1116.3
BIRLAPREC,245.76
BIRLATR,2.13
BITS,96.99
BIZOTIC,742.6
BKMINDST,11.93
BKV,14.7
BLACKBUCK,10509.02
BLACKROSE,450.29
BLAL,778.53
BLBLIMITED,84.41
BLIL,1592.93
BLISSGVS,2840.34
BLKASHYAP,1166.45
BLOIN,22.38
BLOOM,7.42
BLS,11248.9
BLSE,1651.2
BLSINFOTE,59.96
BLT,16.27
BLUBLND-B,2.1
BLUECHIP,15.39
BLUECHIPT,24.65
BLUECLOUDS,1382.58
BLUECOAST,46.92
BLUEDART,12473.15
BLUEGOD,191.47
BLUEJET,7532.7
BLUESTARCO,36222.18
BLUESTONE,7337.62
BLUSPRING,999.06
BMAL,16.4
BMBMUMG,2.82
BMW,976.73
BMWVENTLTD,508.18
BNAGROCHEM,2753.66
BNALTD,116.68
BNRSEC,65.77
BNRUDY,10.43
BODALCHEM,738.21
BODHTREE,43.44
BOHRAIND,37.71
BOMBCYC,67.64
BOMBPOT,32.57
BOMBWIR,25.37
BOMDYEING,2442.27
BOMOXY-B1,301.99
BOMTALKIES,23.5
BONDADA,3610.07
BONLON,64.89
BORANA,916.31
BOROLTD,2911.59
BORORENEW,6942.17
BOROSCI,1077.31
BOSCH-HCIL,3692.02
BOSCHLTD,106278.23
BOSTON,4.96
BPAGRI,2162.89
BPCAP,5.7
BPCL,141518.11
BPL,268.45
BPLPHARMA,805.98
BRADYM,186.74
BRAHMINFRA,435.2
BRANDBUCKT,11.39
BRAWN,6.19
BRFL,57.78
BRGIL,266.0
BRIDGESE,53.37
BRIGADE,17873.6
BRIGHOTEL,2373.03
BRIGHT,861.94
BRIGHTBR,133.16
BRIJLEAS,7.41
BRIPORT,2.74
BRISK,15.5
BRITANNIA,136329.2
BRNL,167.88
BROACH,9.53
BROOKS,187.69
BRPL,154.57
BRRL,858.09
BSE,134291.28
BSELALGO,42.09
BSHSL,984.49
BSL,132.5
BSOFT,10342.69
BTML,125.3
BTTL,205.99
BUILDPRO,2391.88
BURNPUR,57.36
BUTTERFLY,1123.43
BVCL,93.96
BVL,3.32
BWLLTD,17.82
BYKE,215.09
BYLD,25.73
CALCOM,121.97
CALLISTA,50.99
CALSOFT,48.37
CALSREF,82.94
CAMEXLTD,34.52
CAMLINFINE,2556.57
CAMPUS,7556.52
CAMS,18104.55
CAMSONBIO,9.93
CANBK,127341.1
CANDC,6.01
CANDOUR,256.53
CANFINHOME,11584.87
CANHLIFE,13637.42
CANTABIL,2110.44
CAPACITE,1982.14
CAPFIN,43.88
CAPILLARY,4342.18
CAPITALSFB,1197.94
CAPLIPOINT,14141.7
CAPPIPES,159.31
CAPRICORN,28.28
CAPRIHANS,112.23
CAPRO,26.07
CAPTRUST,45.27
CARBORUNIV,17340.36
CARERATING,4861.57
CARGOSOL,22.42
CARGOTRANS,74.65
CARNATIN,28.46
CARRARO,3008.55
CARTRADE,9931.78
CARYSIL,2642.15
CASPIAN,53.98
CASTORA,6.45
CASTROLIND,18234.25
CATVISION,10.38
CBPL,28.86
CCAL,32.46
CCAVENUE,5229.46
CCCL,722.14
CCDL,21.08
CCHHL,217.71
CCL,14104.04
CCLINTER,47.8
CCME,230.58
CDG,151.49
CDSL,26919.62
CEATLTD,14325.3
CEEJAY,61.57
CEENIK,103.3
CEETAIN,61.68
CEIGALL,5398.55
CEINSYS,1777.44
CELEBRITY,47.32
CELLA,29.82
CELLO,9557.42
CEMAINFRA,11.81
CEMPRO,13160.96
CENLUB,98.53
CENTENKA,979.38
CENTERAC,3.19
CENTEXT,164.77
CENTPROV,42.7
CENTRALBK,31957.56
CENTRUM,1145.26
CENTUM,4160.3
CENTUPLE,37.26
CENTURYPLY,16734.65
CERA,6834.94
CEREBRAINT,54.35
CESC,21847.23
CEWATER,680.81
CFEL,90.26
CFF,1358.05
CFL,30.31
CGCL,17638.36
CGFL,170.28
CGPOWER,118912.96
CGVAK,100.85
CHABRASP,4.41
CHADPAP,8.93
CHALET,17505.56
CHALLANI,31.28
CHAMBLFERT,18038.23
CHANDNIMACH,22.42
CHANDRAP,36.04
CHANDRIMA,201.25
CHARMS,2.74
CHATHA,187.24
CHCL,16.3
CHDCHEM,5.45
CHDDLTD,8.74
CHEMBOND,208.6
CHEMBONDCH,429.83
CHEMCON,633.0
CHEMCRUX,136.53
CHEMFAB,564.56
CHEMIESYNT,15.1
CHEMKART,146.38
CHEMPLASTS,3884.65
CHEMTECH,135.19
CHENFERRO,32.72
CHENNPETRO,14703.45
CHEVIOT,626.47
CHIRAHARIT,48.18
CHLLTD,170.52
CHLOGIST,89.63
CHMBBRW,19.05
CHOICEIN,15539.2
CHOKSI,79.46
CHOKSILA,77.51
CHOLAFIN,136762.06
CHOLAHLDNG,30449.98
CHORDIA,28.86
CHOTHANI,12.47
CHOWGULSTM,76.91
CHROME,18.83
CHRTEDCA,79.08
CHTR,85.96
CIANAGRO,3756.12
CIEINDIA,17170.64
CIFL,1106.36
CIGNITITEC,3636.56
CIL,137.47
CILSEC,19.57
CINDHO,19.14
CINDRELL,4.06
CINELINE,287.49
CINEVISTA,89.5
CIPLA,108564.9
CISTRO,5.44
CITADEL,33.55
CITICHEM,11.76
CITIPOR,12.03
CITURGIA,1655.12
CITYMAN,16.24
CITYONLINE,3.65
CITYSQUARE,154.6
CJGEL,8.62
CKFSL,2.48
CLARA,98.36
CLASELE,0.52
CLCIND,20.24
CLEAN,8280.19
CLEANMAX,12628.25
CLEDUCATE,294.11
CLENON,50.13
CLFL,39.12
CLIOINFO,7.86
CLN,389.25
CLSEL,1320.06
CMBL,121.5
CMICABLES,6.45
CMMHOSP,29.68
CMPDI,15235.39
CMRGREEN,5430.01
CMSINFO,5039.59
CMXLTD,37.91
CNCRD,2566.08
CNINFOTECH,228.8
CNL,983.92
COALINDIA,274226.65
COARO,13.1
COASTCORP,332.62
COCHINM,201.61
COCHINSHIP,39568.6
COCHMAL,24.46
COCKERILL,2861.67
COFFEEDAY,627.09
COFORGE,47791.08
COHANCE,14797.83
COLAB,3402.59
COLINZ,13.14
COLORCHIPS,23.5
COLPAL,56477.58
COMCL,15.25
COMFINCAP,66.23
COMFINTE,216.74
COMMAND,22.31
COMPEAU,238.54
COMPINFO,11.44
COMPUPN,12.25
COMPUSOFT,110.31
COMRADE,30.32
COMSYN,636.16
CONART,52.85
CONCOR,37253.07
CONCORD,89.24
CONCORDBIO,12377.45
CONFIPET,1587.25
CONSOFINVT,692.23
CONSTRONIC,63.01
CONTAINE,13.6
CONTAINER,19.2
CONTCHM,15.29
CONTICON,5.48
CONTILI,37.59
CONTPTR,67.89
CONTROLPR,1021.85
CORAGRO,0.2
CORALAB,162.24
CORALFINAC,135.48
CORDSCABLE,234.06
CORNE,5.37
COROENGG,284.18
COROMANDEL,61035.16
CORONA,9902.55
CORPOCO,2.15
COSBOARD,0.99
COSCO,83.75
COSMICCRF,882.61
COSMOFE,174.77
COSMOFIRST,1810.13
COSPOWER,200.27
COSYN,16.56
COTFAB,30.64
COUNCODOS,39.0
COVANCE,358.21
CPCAP,174.93
CPEDU,360.53
CPL,438.54
CPML,2793.61
CPPLUS,24998.65
CRAFTROOT,0.34
CRAFTSMAN,19060.76
CRAMC,5083.82
CRANEINFRA,10.28
CRANESSOFT,64.1
CRANEX,50.09
CRAVATEX,91.88
CREATIVE,72.17
CREATIVEYE,13.58
CREDENCE,3.13
CREDITACC,20639.48
CRESANTO,1.87
CRESCENTIS,202.9
CREST,1022.93
CRIMSON,22.32
CRISIL,31192.14
CRIZAC,3900.32
CROISSANCE,17.08
CROMPTON,16656.13
CROPSTER,809.66
CROWN,140.25
CRPRISK,10.81
CRSL,111.82
CRSTCHM,32.06
CRYOGENIC,272.36
CRYSDALE,2.18
CRYSTAL,19.93
CSBBANK,6849.54
CSL,43.8
CSLFINANCE,564.34
CSURGSU,33.09
CTCL,449.01
CTE,61.96
CTL,231.92
CTLLAB,9.08
CUB,19748.14
CUBEXTUB,140.29
CUBIFIN,16.49
CUMMINSIND,135864.45
CUPID,14269.54
CUPIDALBV,222.52
CURAA,95.8
CWD,732.25
CYBELEIND,48.35
CYBERMEDIA,29.52
CYBERTECH,403.43
CYIENT,10572.38
CYIENTDLM,2986.01
DABUR,82887.81
DACHEPALLI,106.2
DAICHI,199.75
DAIKAFFI,27.95
DAL,24.99
DALBHARAT,36054.76
DALMIASUG,2645.41
DAMCAPITAL,1122.33
DAMODARIND,64.21
DANGEE,49.85
DANLAW,363.78
DANUBE,45.63
DAPS,10.43
DARJEELING,22.09
DARSHANORNA,25.38
DATA,3.43
DATAMATICS,4401.56
DATAPATTNS,19287.06
DATIWARE,12.28
DAULAT,15.22
DAVANGERE,570.7
DAVIN,21.24
DBCORP,3916.36
DBEIL,386.68
DBL,7223.79
DBOL,692.78
DBREALTY,6009.18
DBSTOCKBRO,94.77
DCAL,2968.91
DCBBANK,5881.21
DCI,435.98
DCL,1.28
DCM,152.03
DCMFINSERV,9.68
DCMNVL,252.96
DCMSHRIRAM,17387.62
DCMSIL,578.8
DCMSRIND,367.07
DCW,1401.55
DCXINDIA,2060.09
DDEVPLSTIK,2682.09
DECCAN,29.74
DECCANCE,906.4
DECIPHER,7.47
DECNGOLD,2565.24
DECOMIC,24.89
DECPO,6.98
DEEDEV,2612.68
DEEP,89.36
DEEPAI,44.92
DEEPAKCHEM,100.96
DEEPAKFERT,15087.51
DEEPAKNTR,21948.38
DEEPAKSP,82.72
DEEPINDS,2748.76
DEFRAIL,59.3
DEL,250.93
DELHIVERY,32792.96
DELPHIFX,294.23
DELTA,7.08
DELTACORP,1743.38
DELTAMAGNT,66.37
DELTRON,2.99
DEN,1340.43
DENISCHEM,104.01
DENORA,378.46
DENTA,725.87
DESCO,145.5
DESHRAK,16.55
DESIFARMS,68.34
DEVINE,8.08
DEVIT,164.36
DEVITRD,0.47
DEVLAB,115.46
DEVX,350.36
DEVYANI,14528.34
DFL,15.88
DFPL,38.42
DGCONTENT,161.15
DGL,1.33
DHABRIYA,377.44
DHAMPURE,98.87
DHAMPURSUG,848.84
DHAMSUGR,3.06
DHANADACO,10.21
DHANBANK,1078.5
DHANCOT,51.13
DHANFAB,47.37
DHANROTO,64.13
DHANSAFAL,59.75
DHANUKA,4804.14
DHARAN,92.8
DHARFIN,5.14
DHARMAJ,855.56
DHARNI,127.89
DHARSUGAR,28.65
DHARTI,3.55
DHATRE,52.3
DHENUBUILD,3948.36
DHILLON,13.59
DHINDIA,214.96
DHOOTIN,128.52
DHPIND,155.38
DHRUV,62.69
DHRUVCA,183.72
DHUNINV,557.28
DHYAANITR,11.29
DIACABS,8154.7
DIAMANT,2.82
DIAMINESQ,243.31
DIAMONDYD,2514.72
DIANATEA,39.67
DICIND,476.71
DIDL,19.96
DIFFNKG,1111.31
DIGIDRIVE,83.2
DIGILOGIC,287.42
DIGISPICE,461.54
DIGITIDE,1446.69
DIGJAMLMTD,92.65
DIKSAT,206.79
DIKSHA,60.51
DIL,18.82
DILIGENT,56.75
DION,7.25
DISAQ,1739.68
DISHTV,594.49
DITCO,4.91
DIVGIITTS,2164.29
DIVISLAB,169324.59
DIVSHKT,51.65
DIXON,67374.08
DJML,306.07
DJSSS,16.17
DKUAL,26.68
DLCL,10.67
DLF,149059.19
DLINKINDIA,1544.79
DLTNCBL,399.74
DMART,264697.66
DMCC,617.59
DML,11.09
DMR,39.29
DNAMEDIA,37.96
DODLA,6719.46
DOLATALGO,1362.76
DOLFIN,174.51
DOLLAR,1618.89
DOLPHIN,1654.1
DOLPHMED,7.86
DOMS,14089.01
DONEAR,467.06
DPABHUSHAN,2525.2
DPL,25.69
DPSCLTD,858.56
DPWIRES,266.12
DQE,8.17
DRA,18.81
DRAGARWQ,2365.91
DRCSYSTEMS,220.14
DREAMFOLKS,433.63
DREDGECORP,2794.23
DRL,15.7
DRONACHRYA,89.61
DRREDDY,105965.15
DSFCL,228.43
DSINVEST,11.46
DSKULKARNI,35.09
DSSL,1418.05
DTIL,146.03
DUCON,109.22
DUKEOFS,18.3
DUNCANENG,150.58
DUNCANSLTD,19.37
DUROPACK,28.72
DUROPLY,154.32
DUTRON,64.15
DVL,851.45
DWARKESH,756.73
DWL,4.83
DYCL,1523.76
DYNAMATECH,6819.74
DYNAMICP,26.07
DYNAMIND,32.53
DYNAVSN,69.55
DYNMICR,3.36
DYNPRO,286.06
E2E,7070.22
EARKART,195.34
EARTH,22.66
EASEMYTRIP,2711.83
EASTBUILD,10.54
EASTERNGAS,14.14
EASTINDIA,157.71
EASTRED,15.3
EASTSILK,28.4
EASTWEST,37.74
EASUN,23.81
EASUNREYRL,7.7
EASYFIN,24.25
EBGNG,4336.41
EBIX,647.26
ECLERX,16097.64
ECOBOAR,138.77
ECOHOTELS,70.03
ECOPLAST,159.43
ECORECO,796.56
ECOSMOBLTY,896.13
ECS,20.39
ECSTSTL,10.03
EDELWEISS,10716.5
EDUCOMP,12.27
EDVENSWA,80.3
EENTER,0.44
EFCIL,2951.51
EFORU,50.0
EICHERMOT,199680.77
EIDPARRY,14884.89
EIEL,3212.4
EIFFL,617.67
EIGHTY,32.99
EIHAHOTELS,1963.71
EIHOTEL,20063.77
EIKO,71.9
EIMCOELECO,928.3
EKAMLEA,3.81
EKANSH,305.26
EKC,1272.75
EKENNIS,20.05
EKI,248.24
ELAND,65.9
ELANGO,4.12
ELANTAS,7180.96
ELCIDIN,2276.88
ELDEHSG,832.8
ELECON,10260.3
ELECTCAST,4718.39
ELECTHERM,1023.72
ELEFLOR,9.68
ELEMARB,57.73
ELFIN,119.08
ELFORGE,32.52
ELGIEQUIP,16509.29
ELGIRUBCO,223.73
ELIN,628.88
ELITECON,8164.51
ELIXIR,61.65
ELLEN,3609.42
ELLOPAP,10.84
ELNET,133.57
ELPROINTL,1903.48
EMAINDIA,54.69
EMAMILTD,19562.36
EMAMIPAP,484.74
EMAMIREAL,343.17
EMBASSY,40930.26
EMBDL,8142.38
EMCURE,30230.9
EMERALD,214.98
EMERALL,283.95
EMERGENT,202.27
EMGEECA,1.59
EMIAC,126.77
EMIL,3997.82
EMKAY,633.77
EMMBI,167.96
EMMESSA,13.05
EMMFORCE,253.94
EMMSONS,2.64
EMMVEE,17007.51
EMPEESUG,2.43
EMPIND,556.02
EMPOWER,200.59
EMROCK,287.11
EMSLIMITED,1857.15
EMUDHRA,3840.14
ENBETRD,35.87
ENCASH,10.66
ENCHANTE,2.65
ENCODE,3.86
ENDURANCE,35050.11
ENERGYDEV,79.51
ENGINERSIN,12113.26
ENIL,530.76
ENKEIWHEL,763.01
ENNORE,3.18
ENRIN,106264.58
ENTERO,5044.11
ENTRINT,6.57
ENVAIREL,30.91
EON,11.78
EPACK,2357.52
EPACKPEB,2001.72
EPBIO,16.5
EPIC,26.72
EPIGRAL,4655.45
EPL,6869.47
EPSOMPRO,6.04
EPUJA,17.65
EQUILATERA,27.33
EQUIPPP,184.61
EQUITASBNK,7606.76
ERABUILD,63.04
ERAINFRA,47.42
ERIS,19066.97
EROSMEDIA,75.68
ERPSOFT,23.33
ESABINDIA,8952.08
ESAFSFB,1395.28
ESARIND,21.17
ESCORP,121.56
ESCORTS,36171.15
ESHAMEDIA,22.78
ESKAY,5.9
ESPIRE,380.38
ESQRMON,1.21
ESSARSHPNG,521.69
ESSENTIA,178.07
ESSEX,49.76
ESTER,916.65
ETERNAL,247378.98
ETHOSLTD,6522.19
ETIL,13.64
EUPHORIAIT,9.84
EUREKAFORB,9547.82
EUREKAI,38.02
EUROBOND,419.29
EUROCERA,3.74
EUROLED,8.13
EUROMULTI,3.4
EUROPRATIK,2601.77
EUROTEXIND,13.14
EVANS,51.15
EVEREADY,2344.76
EVERESTIND,623.85
EVERESTO,306.59
EVERFIN,64.64
EVEXIA,254.86
EVOQ,7.63
EXATO,358.46
EXCELINDUS,1169.3
EXCELSOFT,952.68
EXHICON,703.33
EXICOM,1587.14
EXIDEIND,29229.66
EXPLEOSOL,1296.08
EXPLICITFIN,9.03
EXPOEAPL,140.07
EXXARO,313.8
EY,173.61
FAALCON,31.11
FABCLEAN,369.95
FABINO,3.53
FABTECH,703.38
FACORALL,53.87
FACORSTE,5.58
FACT,54490.25
FAIRCHEMOR,764.34
FAMILYCARE,17.58
FAZE3Q,1145.96
FCL,3155.26
FCONSUMER,69.3
FCSSOFT,277.33
FDC,6091.36
FEDDERSHOL,816.65
FEDERALBNK,70657.94
FEDFINA,5478.79
FEL,32.13
FENOPLAS,6.0
FERMENTA,954.01
FERVENTSYN,89.17
FFPL,4.7
FGP,12.17
FIBERWEB,102.67
FIEMIND,5813.05
FIL,166.21
FILATEX,2023.3
FILATFASH,200.71
FILME,7.62
FILTRA,66.73
FILTRON,432.72
FINCABLES,13979.49
FINELINE,36.97
FINEORG,13894.55
FINKURVE,1019.08
FINOPB,1402.51
FINPIPE,10884.76
FIRSTCRY,12516.48
FIRSTFIN,7.46
FISCHER,2450.23
FIVESTAR,13274.36
FLAIR,3227.45
FLEXFO,52.66
FLEXITUFF,27.04
FLFL,27.91
FLOMIC,88.56
FLORACORP,7.06
FLUIDOM,342.82
FLUOROCHEM,37942.14
FMEC,79.21
FMGOETZE,2412.72
FMNL,54.83
FOCUS,509.14
FONE4,21.24
FOODSIN,435.57
FORBESCO,438.27
FORCEMOT,26915.93
FORINTL,48.92
FORTIS,68481.5
FORTISMLR,101.41
FOSCL,4.09
FOSECOC,753.54
FOSECOIND,3658.22
FRACTAL,15452.36
FRANKLIN,14.63
FRANKLININD,33.61
FRASER,8.51
FRATELLI,378.46
FREDUN,1014.3
FRETAIL,130.69
FRONTCAP,13.04
FRONTCORP,16.2
FRONTFN,3.41
FRONTSP,1731.96
FRUTION,14.08
FSL,17783.58
FTL,6.28
FUNDVISER,224.09
FUSION,2767.47
FUTSOL,44.52
FUTURAPOLY,21.13
FUTURSEC,7.22
FYNX,111.88
GABRIEL,14343.45
GAEL,6720.72
GAGAN,9.35
GAIL,106346.15
GAJANANSEC,18.25
GAJRA,2.6
GALACTICO,34.67
GALADA,5.63
GALADAFIN,8.87
GALAGEX,72.78
GALAPREC,1036.58
GALAXYSURF,6523.77
GALLANTT,15531.81
GALLARD,147.34
GALLOPENT,11.22
GALXBRG,158.6
GAMCO,218.05
GAMMONIND,53.48
GANDHAR,1453.18
GANDHITUBE,1002.53
GANECOS,2357.58
GANESHBE,633.33
GANESHCP,782.69
GANESHHOU,5773.08
GANGAFORGE,38.47
GANGAPA,81.92
GANGAPHARM,7.08
GANGESSECU,123.82
GANGOTRI,2.02
GANHOLD,8.24
GANONPRO,14.1
GANVERSE,63.89
GARBIFIN,13.86
GARFIBRES,6467.42
GARGFUR,68.04
GARGI,927.91
GARLNIN,1.53
GARMNTMNTR,64.7
GARNET,113.9
GARNETINT,115.73
GARODCH,7.68
GARUDA,1610.16
GARWAMAR,13.89
GARWAOFFS,149.64
GARWSYN,11.73
GATECH,63.95
GATEWAY,2871.44
GAUDIUMIVF,732.1
GAYAHWS,55.54
GAYAPROJ,300.06
GAYATRI,63.66
GAYATRIBI,108.04
GBFL,12.74
GBGLOBAL,3.25
GBLINFRA,4.52
GBLOGISTIC,32.87
GCCL,3.6
GCCLINP,34.65
GCMCAPI,6.83
GCMCOMM,3.24
GCMSECU,13.02
GCONNECT,5.91
GCSL,822.15
GDIL,1.62
GDLLEAS,48.65
GEE,387.7
GEECEE,632.81
GEEKAYWIRE,268.86
GEETANJ,2.73
GEL,90.25
GEMAROMA,887.93
GEMENVIRO,97.62
GEMSI,11.97
GEMSPIN,33.49
GENCON,250.11
GENESYS,1224.02
GENNEX,251.4
GENPHARMA,65.01
GENSOL,88.94
GENUSPAPER,318.96
GENUSPOWER,8719.39
GENUSPRIME,38.12
GEOJITFSL,1909.03
GESHIP,19974.07
GETALONG,11.97
GFLLIMITED,519.25
GFSTEELS,35.23
GGAUTO,181.17
GGDPROP,30.94
GGENG,78.29
GGL,13.44
GGPL,9.2
GHCL,4481.92
GHCLTEXTIL,789.83
GHUSHINE,9.68
GHVINFRA,1907.77
GIANLIFE,7.66
GICHSGFIN,836.48
GICL,424.29
GICRE,66601.01
GILADAFINS,17.97
GILLANDERS,195.65
GILLETTE,26111.59
GINISILK,32.31
GINNIFILA,347.98
GIPCL,2290.79
GITANJALI,12.57
GITARENEW,32.58
GKB,30.51
GKCONS,13.3
GKENERGY,2498.38
GKL,60.07
GKP,13.51
GKSL,915.56
GKWLIMITED,998.11
GLAAMUP,14.51
GLANCE,40.85
GLAND,31085.04
GLAXO,40593.39
GLCL,12.41
GLEN,178.97
GLENMARK,60775.22
GLFL,16.98
GLHRL,15.77
GLITTEKG,110.21
GLOBAL,497.49
GLOBALCA,20.85
GLOBALE,12.78
GLOBALLOG,183.69
GLOBALVECT,240.83
GLOBE,114.15
GLOBECIVIL,281.59
GLOBTIER,33.3
GLOBUSCON,132.89
GLOBUSSPR,2706.99
GLOSTERLTD,670.05
GLOTTIS,512.77
GLPL,44.04
GMBREW,2248.54
GMDCLTD,19358.87
GMETCOAL,5.94
GMMPFAUDLR,4059.3
GMPL,89.87
GMRAIRPORT,103220.5
GMRP&UI,8103.95
GNA,1697.65
GNFC,6954.73
GNRL,1267.69
GOACARBON,340.63
GOBLIN,11.91
GOCLCORP,1509.44
GOCOLORS,1788.17
GODAVARI,83.41
GODAVARIB,1491.51
GODFRYPHLP,33668.54
GODIGIT,29636.11
GODREJAGRO,11132.69
GODREJCP,112832.09
GODREJIND,33664.21
GODREJPROP,52518.08
GOEL,26.11
GOELCONS,469.68
GOENKA,26.63
GOGIACAPGL,44.08
GOKAKTEX,42.86
GOKEX,5009.98
GOKUL,390.11
GOKULAGRO,5770.9
GOLCA,7.02
GOLDCOINHF,4.78
GOLDENCREST,164.4
GOLDENTOBC,48.58
GOLDIAM,4183.31
GOLDLEG,14.71
GOLDTECH,221.33
GOLECHA,15.31
GOLKONDA,4.16
GOLKUNDIA,175.07
GONTER,6.54
GOODLUCK,3972.12
GOODRICKE,356.83
GOODYEAR,1789.36
GOPAL,3641.12
GORANIN,29.2
GOTHIPL,38.7
GOURMET,157.75
GOWRALE,63.24
GOYALALUM,100.55
GOYALASS,4.68
GPAPL,83.86
GPIL,18303.83
GPPL,7833.96
GPSL,121.59
GPTHEALTH,1105.04
GPTINFRA,1430.88
GRADIENTE,138.83
GRAMEVA,30.49
GRANDMA,6.23
GRANDOAK,1662.22
GRANULES,16081.77
GRAPHITE,13066.83
GRASIM,194967.33
GRATEXI,6.09
GRAUWEIL,3132.03
GRAVISSHO,211.64
GRAVITA,11844.8
GRAVITY,55.15
GREAVESCOT,3875.42
GREENCREST,18.92
GREENLAM,6019.86
GREENPANEL,2525.17
GREENPLY,3000.4
GREENPOWER,1242.05
GRERENEW,169.76
GRINDWELL,18578.74
GRINFRA,8925.48
GRMOVER,2835.09
GROARC,13.1
GROBTEA,106.9
GROVY,56.46
GROWINGTON,52.28
GROWW,112112.84
GRPLTD,961.98
GRSE,29290.81
GRWRHITECH,10253.82
GSAUTO,71.76
GSBFIN,21.06
GSFC,6709.93
GSLNOVA,1.43
GSLSEC,20.24
GSLSU,287.54
GSLTD,82.19
GSPCROP,1945.42
GSPL,15817.57
GSS,36.29
GSTL,72.18
GTECJAINX,21.91
GTEIT,4.04
GTIL,88.49
GTL,115.98
GTLINFRA,1566.67
GTNINDS,39.89
GTNTEX,10.56
GTPL,782.98
GTTDATA,236.75
GTV,296.23
GUFICBIO,3116.17
GUJALKALI,4249.04
GUJAPOLLO,496.47
GUJARATPOLY,52.71
GUJCONT,97.58
GUJCOTEX,47.04
GUJCRAFT,51.06
GUJCRED,7.67
GUJCYPROM,1.08
GUJGASLTD,28259.25
GUJHOTE,72.95
GUJHYSPIN,16.89
GUJINJEC,118.44
GUJINTRX,150.15
GUJINV,15.14
GUJJUBHAI,170.72
GUJPE,1.59
GUJPETR,35.13
GUJRAFFIA,22.15
GUJSTATFIN,98.05
GUJTERC,29.43
GUJTHEM,3733.23
GUJTLRM,83.72
GUJWIND,3.81
GULFOILLUB,5018.87
GULFPETRO,171.83
GULPOLY,1041.04
GVBL,8.16
GVFILM,65.22
GVKPIL,461.6
GVL,106.05
GVPIL,3703.26
GVPTECH,114.94
GVT&D,102438.37
GYANDEV,12.19
GYFTR,1448.99
HAL,283580.75
HALDER,311.34
HALDYNGL,523.43
HALEOSLABS,411.59
HAMPS,18.7
HAMPTON,306.01
HANMAN,4.48
HANNAH,171.79
HANSUGAR,8.09
HAPPSTMNDS,5829.69
HAPPYFORGE,12069.64
HARAFIN,1351.37
HARCR,7.48
HARDCAS,49.3
HARDWYN,1016.65
HARIAAPL,8.48
HARIAEXPO,7.47
HARIKANTA,72.68
HARIOMPIPE,1123.16
HARISH,21.47
HARLETH,30.34
HARRMALAYA,348.88
HARSHA,3491.74
HARSHDEEP,145.2
HARSHILAGR,37.51
HARYNACAP,77.66
HASTIFIN,8.3
HATHWAY,1928.16
HATHWAYB,9.88
HATSUN,20664.29
HAVELLS,80757.49
HAVISHA,23.68
HAWAENG,29.5
HAWKINCOOK,3980.98
HAZOOR,745.94
HBEL,11.58
HBESD,162.63
HBGHOTELS,203.13
HBLEAS,15.21
HBLENGINE,21191.44
HBPOR,64.36
HBSL,41.96
HCC,5234.26
HCG,8754.95
HCKKVENTURE,13.57
HCL-INSYS,410.52
HCLTD,1.16
HCLTECH,371546.26
HDBFS,56780.5
HDFCAMC,111796.95
HDFCBANK,1286453.23
HDFCLIFE,139786.96
HDIL,101.79
HEADSUP,16.85
HEALINV,0.08
HEALTHX,927.06
HEALTHYLIFE,41.0
HECPROJECT,130.34
HEERAISP,4.21
HEG,10863.54
HEIDELBERG,3607.81
HELLOJI,43.01
HELPAGE,22.32
HEMACEM,28.85
HEMANG,19.35
HEMIPROP,3878.1
HEMORGANIC,5.39
HERANBA,808.03
HERCULES,401.77
HERITGFOOD,3248.18
HEROMOTOCO,106193.12
HESTERBIO,1393.39
HEXAGON,676.24
HEXATRADEX,901.24
HEXT,32736.82
HFCL,16316.66
HFIL,80.01
HGINFRA,3866.62
HGM,71.42
HGS,1879.54
HIGHENE,499.38
HIGHNESS,75.89
HIIL,546.0
HIKAL,2391.99
HIKLASS,149.16
HILIKS,56.85
HILINFRA,368.81
HILLTONE,67.5
HILTON,105.15
HIMATSEIDE,1149.94
HIMTEK,198.69
HINDADH,155.32
HINDALCO,221152.7
HINDALUMI,65.95
HINDAPL,103.98
HINDBIO,8.08
HINDCOMPOS,620.81
HINDCON,112.15
HINDCOPPER,52824.11
HINDHARD,122.93
HINDMILL,27.58
HINDMOTORS,346.81
HINDOILEXP,2008.36
HINDPETRO,85446.13
HINDTIN,118.54
HINDUNILVR,529072.74
HINDUST,20.53
HINDWAREAP,1890.03
HINDZINC,252528.13
HIPOLIN,21.4
HIRAUTO,56.83
HIRECT,2866.54
HISARMETAL,84.07
HISARSP,19.78
HITECH,1729.98
HITECHCORP,303.27
HITECHGEAR,1182.64
HITKITGLO,15.7
HITTCO,6.92
HLEGLAS,2412.09
HLVLTD,537.89
HMAAGRO,1247.7
HMEML,66.98
HMT,2618.72
HMVL,513.82
HNDFDS,6033.07
HOCL,217.31
HOM,40.14
HOMEFIRST,11447.6
HONASA,10746.65
HONAUT,28410.61
HONDAPOWER,2208.93
HORIZON,274.11
HOTLSILV,18.48
HOWARHO,22.28
HPAL,338.24
HPBL,211.11
HPCOTTON,41.79
HPIL,147.42
HPL,2214.01
HRBFLOR,2.05
HRMNYCP,30.13
HRS,438.31
HRYNSHP,63.34
HSCL,26576.12
HSIL,412.66
HTMEDIA,458.7
HUBTOWN,2974.85
HUDCO,39894.26
HUHTAMAKI,1349.1
HVL,12.13
HYBRIDFIN,56.56
HYPERSOFT,786.5
HYUNDAI,163324.23
IBINFO,66.26
IBULLSLTD,3581.32
ICDSLTD,57.41
ICEMAKE,1221.04
ICICIAMC,152775.07
ICICIBANK,948443.53
ICICIGI,91284.53
ICICIPRULI,83329.44
ICIL,5672.42
ICL,20.66
ICODEX,67.57
ICON,44.74
ICONIKSPEV,151.15
ICRA,5346.1
ICSA,2.74
ICSL,15.72
IDBI,94172.32
IDEA,123358.48
IDEAFORGE,2491.24
IDENTIXWEB,76.64
IDFCFIRSTB,63345.5
IDM,7.19
IDREAM,4.92
IECEDU,40.41
IEX,11334.33
IFBAGRO,935.71
IFBIND,4762.66
IFCI,16668.68
IFGLEXPOR,1269.53
IFINSEC,547.97
IFINSER,10.47
IFL,54.94
IGARASHI,1182.75
IGCIL,7.9
IGCL,409.26
IGIL,14586.43
IGL,23297.33
IGLFXPL-B,2.39
IGPL,1219.21
IGRL,6.66
IIFL,21385.43
IIFLCAPS,10109.94
IIRM,652.2
IISL,8.24
IITL,320.43
IITLPROJ,23.13
IKIO,1155.66
IKOMA,90.96
IKS,26923.48
IL&FSENGG,345.58
IL&FSTRANS,80.9
IMAGICAA,2583.65
IMEC,36.76
IMFA,7285.36
IMPAL,1295.9
IMPEXFERRO,16.03
INA,2620.98
INANI,23.74
INANISEC,10.36
INCAP,39.55
INCON,6.21
INCREDIBLE,165.09
INDAG,255.78
INDAGIV,17.01
INDBANK,151.98
INDBNK,44.07
INDCEMCAP,29.13
INDCTST,20.51
INDERGR,11.89
INDGELA,245.58
INDGN,11882.48
INDHOTEL,94198.53
INDIACEM,12625.81
INDIAGLYCO,6298.94
INDIAHOME,46.83
INDIAHOMES,683.73
INDIAMART,12641.15
INDIANACRY,78.1
INDIANB,118258.61
INDIANCARD,126.35
INDIANHUME,1796.87
INDIANVSH,29.49
INDIASHLTR,8363.62
INDICAP,8.2
INDIGO,178593.79
INDIGOPNTS,4552.31
INDINFO,107.23
INDINFRA,2.28
INDIQUBE,3572.29
INDITALIA,1.01
INDLEASE,12.15
INDLMETER,5.23
INDNIPPON,1820.67
INDOAMIN,844.81
INDOBELL,38.42
INDOBORAX,887.99
INDOCITY,12.54
INDOCO,1946.49
INDOCRED,5.24
INDOEURO,10.27
INDOFARM,696.57
INDOKEM,1635.3
INDONG,16.71
INDORAMA,1027.62
INDOSMC,474.12
INDOSTAR,3446.01
INDOTECH,2000.81
INDOTHAI,3314.3
INDOUS,222.26
INDOWIND,169.32
INDPRUD,977.17
INDRAMEDCO,3645.33
INDRANIB,57.4
INDRENEW,15.68
INDSILHYD,110.57
INDSUCR,128.07
INDSWFTLAB,1153.56
INDTERRAIN,162.69
INDTONER,257.72
INDUSFILA,2.63
INDUSFINL,68.42
INDUSINDBK,69581.45
INDUSTOWER,113369.05
INDXTRA,83.04
INFINITY,208.2
INFLAME,208.78
INFOBEAN,1735.84
INFODRIVE,6.55
INFOMEDIA,28.5
INFONATIVE,33.04
INFORTEC,34.18
INFRAIND,5.68
INFRONICS,14.39
INFY,536257.83
INGERRAND,12277.05
INLANPR,23.78
INLCM,329.6
INNOCORP,3.69
INNOKAIZ,14.36
INNOVACAP,4362.29
INNOVANA,764.61
INNOVATIVE,22.56
INNOVATORS,282.29
INNOVATUS,34.25
INNOVISION,748.01
INNOVTEC,34.03
INOVSYNTH,598.65
INOXGREEN,6752.03
INOXINDIA,12255.63
INOXWIND,16633.12
INRADIA,1.27
INSECTICID,1918.22
INSILCO,52.43
INSPIRISYS,369.83
INTCAPL,6.89
INTECCAP,23.84
INTEGFD,151.88
INTEGHIT,3.64
INTEGRAEN,630.65
INTEGSW,44.36
INTELLECT,10423.41
INTENTECH,241.5
INTERARCH,3217.42
INTERDIGI,11.25
INTETHR,4.84
INTLCOMBQ,118.54
INTLCONV,499.68
INTLNKP,8.05
INTRGLB,87.97
INTSTOIL,16.97
INVENTURE,108.8
INVIGO,24.7
INVPRECQ,572.64
IOB,66335.1
IOC,215441.2
IOLCP,2709.82
IONEXCHANG,5446.07
IPCALAB,38654.57
IPL,1812.44
IPOWER,11.77
IPRINGLTD,144.37
IRB,25451.49
IRCON,13673.65
IRCTC,45248.67
IREDA,35718.03
IRFC,136808.15
IRIS,521.95
IRISDOREME,652.84
IRMENERGY,1031.32
IRONWOOD,72.86
ISERA,49.12
ISFL,8.65
ISFT,129.47
ISGEC,6757.32
ISHANCH,156.13
ISHITADR,22.58
ISHWATR,0.72
ISLCONSUL,62.06
ISTLTD,804.85
ISTRNETWK,174.41
ITC,386419.1
ITCHOTELS,34846.52
ITCONS,225.98
ITDC,4650.95
ITHL,261.37
ITI,27632.5
ITL,90.52
IVALUE,1323.78
IVC,240.19
IVP,150.76
IVRCLINFRA,30.53
IWP,216.76
IXIGO,8075.49
IYKOTHITE,16.46
IZMO,1140.2
J&KBANK,13681.02
JACKSON,13.42
JAFINANCE,90.68
JAGAJITIND,589.82
JAGANLAM,41.18
JAGJANANI,7.15
JAGRAN,1440.0
JAGSNPHARM,1279.5
JAGSONSER,99.96
JAIBALAJI,6326.58
JAICORPLTD,1974.69
JAIHIND,27.87
JAIMATAG,18.41
JAINCO,5.04
JAINEX,26.92
JAINMARMO,6.38
JAINREC,14191.27
JAINSTUDIO,6.74
JAIPAN,16.33
JAIPURKURT,61.98
JALPAC,4.79
JAMEHOT,9.3
JAMESWARREN,130.53
JAMNAAUTO,5035.2
JAMSHRI,56.34
JANUSCORP,11.76
JARO,1051.09
JASCH,117.22
JASH,2574.81
JATALIA,0.53
JATTAINDUS,180.24
JAUSPOL,11.43
JAYAGROGN,584.18
JAYANT,65.73
JAYATMA,8.85
JAYBARMARU,1126.92
JAYBHCR,9.11
JAYCH,19.18
JAYIND,7.97
JAYKAILASH,11.88
JAYKAY,2119.25
JAYNECOIND,8445.1
JAYSREETEA,245.43
JAYSYNTH,176.72
JAYTEX,998.49
JAYUSH,337.92
JBCHEPHARM,32608.88
JBFIND,36.19
JBMA,14344.07
JCTLTD,105.07
JDCABLES,441.61
JENBURPH,476.2
JETAIRWAYS,386.69
JETFREIGHT,87.95
JETKINGQ,73.66
JETMALL,27.0
JETSOLAR,17.43
JFL,44.69
JGCHEM,1465.94
JGTL,228.36
JHACC,174.38
JHS,77.89
JIGAR,58.0
JINDALPHOT,1230.55
JINDALPOLY,2811.76
JINDALSAW,13267.68
JINDALSTEL,119287.7
JINDCAP,24.19
JINDHOT,45.67
JINDRILL,1556.28
JINDWORLD,2626.81
JIOFIN,159487.43
JISLJALEQS,2457.55
JITFINFRA,791.29
JIYAECO,10.86
JJEXPO,3.34
JJFINCOR,13.95
JKAGRI,156.39
JKCEMENT,42151.67
JKIL,3907.49
JKIPL,304.96
JKLAKSHMI,8279.24
JKPAPER,5953.48
JKPHARMA,11.22
JKTYRE,12633.02
JLHL,8479.21
JLL,19.01
JMA,193.1
JMDVL,16.68
JMFINANCIL,12453.85
JMGCORP,13.89
JMJFIN,30.44
JNKINDIA,1713.58
JOCIL,117.14
JOHNPHARMA,29.99
JOINDRE,63.15
JOINTECAED,5.35
JOJO,608.07
JOLYPLS,34.33
JONJUA,10.72
JOSTS,296.71
JPOLYINVST,1143.11
JPPOWER,11564.44
JPTRLES,0.4
JPTSEC,6.31
JSFB,4364.53
JSHL,4.65
JSL,62024.14
JSLINDL,117.56
JSLL,8092.0
JSTL,135.58
JSWCEMENT,16777.53
JSWDULUX,13663.76
JSWENERGY,91439.61
JSWHL,16396.7
JSWINFRA,56662.02
JSWSTEEL,300885.96
JTEKTINDIA,3739.23
JTLDEFENCE,146.58
JTLIND,2610.11
JUBLCPL,2831.8
JUBLFOOD,31407.64
JUBLINGREA,10325.21
JUBLPHARMA,14963.99
JULIEN,21.6
JUMBFNL,8.29
JUMBO,50.37
JUNE,26.69
JUNGLECAMP,74.92
JUNIPER,4774.61
JUPITERIN,52.81
JUSTDIAL,4924.57
JUSTO,179.03
JWL,12176.28
JYOTHYLAB,8538.63
JYOTI,116.3
JYOTICNC,17575.8
JYOTIOVR,0.34
JYOTIRES,1106.41
JYOTISTRUC,1361.92
KAARYAFSL,25.5
KABRADG,64.76
KABRAEXTRU,807.35
KABSON,29.95
KACHCHH,15.14
KACL,27.88
KAHAN,12.29
KAILASH,37.57
KAIRA,128.7
KAIZENAGRO,50.65
KAJALSY,0.46
KAJARIACER,16444.24
KAJARIR,110.43
KAKA,249.47
KAKATCEM,91.36
KAKTEX,5.94
KALAMANDIR,1675.15
KALIND,1077.86
KALLAM,15.46
KALPACOMME,9.32
KALPATARU,6700.07
KALYANCAP,37.76
KALYANI,397.26
KALYANIFRG,220.37
KALYANKJIL,41306.82
KAMADGIRI,55.79
KAMAHOLD,8383.09
KAMANWALA,23.56
KAMATHOTEL,544.04
KAMATS,83.12
KAMDHENU,660.85
KAMOPAINTS,164.94
KANANIIND,30.8
KANCHI,155.91
KANCOTEA,32.63
KANDAGIRI,16.02
KANELIND,32.68
KANISHK,46.12
KANORICHEM,354.67
KANPRPLA,448.48
KANSAINER,16739.14
KANSHST,155.58
KANUNGO,4.82
KAPILRAJ,29.28
KAPSTON,894.8
KARANWO,8.86
KARBON,199.67
KARMAENG,50.88
KARNAVATI,13.81
KARNAWATI,82.0
KARTKIN,102.89
KARURVYSYA,28144.19
KASTURI,61.14
KATIPATANG,77.82
KATRSPG,28.64
KAUSHALYA,29.59
KAVDEFENCE,176.4
KAYA,447.53
KAYCEEI,267.05
KAYNES,24537.4
KAYPOWR,35.7
KBSINDIA,14.64
KCDGROUP,13.96
KCL,7.58
KCLINFRA,22.1
KCP,2115.5
KCPSUGIND,271.12
KCSL,4.74
KDDL,3031.25
KDJHRL,19.95
KDLL,1.77
KDML,293.18
KEC,15299.67
KECL,674.11
KEDIACN,1.47
KEEPLEARN,32.09
KEERTHI,41.67
KEI,45234.7
KEIL,136.14
KEL,19.17
KELENRG,407.16
KELLTONTEC,860.66
KEMISTAR,70.97
KEMP,111.24
KENFIN,3.8
KENGI,0.48
KENNAMET,5383.38
KENRIK,11.03
KENVI,29.06
KERALAYUR,275.94
KERNEX,2229.53
KESAR,3381.25
KESARENT,59.06
KESARPE,215.11
KESORAMIND,321.51
KETOMOTORS,222.71
KEYCORP,45.31
KEYFINSERV,158.16
KFBL,61.49
KFINTECH,16163.62
KGDENIM,40.07
KGES,8.19
KGL,24.47
KGPETRO,107.34
KGVL,34.53
KHADIM,224.29
KHAICHEM,565.64
KHAITANLTD,53.19
KHANDSE,27.08
KHAZANCHI,1715.9
KHODAY,169.38
KHOOBSURAT,25.05
KHTRFIB,3.4
KHYATI,2.79
KIAASA,93.1
KICL,2107.26
KIDUJA,43.76
KIFS,129.35
KILBURN,0.74
KILITCH,572.63
KIMIABL,155.6
KIMS,27675.23
KINETICENG,612.32
KINETRU,15.03
KINGFA,6243.24
KINGSINFR,309.44
KIOCL,22463.24
KIRANPR,13.69
KIRANSY-B,7.09
KIRANVYPAR,507.31
KIRIINDUS,2588.93
KIRLFER,7089.51
KIRLOSBROS,12987.35
KIRLOSENG,22368.58
KIRLOSIND,3277.44
KIRLPNU,8582.67
KISAAN,15.75
KISAN,361.95
KISSHT,4306.58
KITEX,3347.37
KIZI,11.66
KJMCCORP,20.64
KJMCFIN,24.95
KKALPANAIND,72.98
KKCL,2897.29
KKPLASTICK,15.45
KKSHL,26.65
KKSILK,28.68
KLBRENG-B,2644.89
KLGCAP,6.36
KLIFESTYL,23.06
KLRFM,90.78
KMCSHIL,1485.63
KMEW,4418.84
KMFBLDR,8.9
KMGMILK,25.47
KMSL,5.66
KMSMEDI,42.32
KMSUGAR,244.47
KNAGRI,469.82
KNRCON,3720.41
KOBO,7.74
KOCL,2.39
KOHINOOR,92.03
KOIYAIN,6.93
KOKUYOCMLN,856.24
KOLTEPATIL,3198.88
KONARKSY,23.63
KONNDOR,8.43
KOPRAN,727.64
KOTAKBANK,394000.87
KOTARISUG,211.64
KOTHARIPET,715.71
KOTHARIPRO,412.85
KOTIC,1941.52
KOTYARK,417.52
KOURA,19.38
KOVAI,5965.41
KPEL,2172.9
KPGEL,1960.53
KPIGREEN,8184.07
KPIL,20428.82
KPITTECH,22583.1
KPL,1697.81
KPRMILL,31797.81
KPT,177.12
KRANTI,80.75
KRBL,7960.83
KREBSBIO,127.83
KREONFIN,72.34
KRETTOSYS,42.29
KRIDHANINF,29.31
KRIFILIND,4.68
KRISHANA,3513.78
KRISHIVAL,873.48
KRISHNA,27.49
KRISHNACAP,12.46
KRISHNADEF,1564.36
KRITI,410.53
KRITIKA,165.56
KRITINUT,390.19
KRN,6098.0
KRONOX,478.3
KROSS,1244.61
KRRAIL,112.16
KRSNAA,1999.4
KRT,52761.13
KRUPALU,20.78
KRYPTONQ,54.46
KRYSTAL,819.41
KSB,14074.26
KSCL,4516.53
KSE,656.6
KSERASERA,39.51
KSHINTL,3621.63
KSHITIJPOL,50.51
KSK,24.17
KSL,3284.06
KSLIND,27.18
KSOILS,20.2
KSOLVES,687.11
KSR,59.3
KSSMART,2575.45
KTIL,73.92
KTKBANK,8731.27
KUANTUM,717.65
KUBERJI,5.86
KUMPFIN,11.23
KUNDANMM,1.83
KUNSTOFF,15.81
KUSHIND,10.52
KUSUMEL,0.12
KUWERIN,9.82
KVFORGE,143.31
KVSCASTING,105.87
KVTOYS,166.38
KWIL,6634.48
KZLFIN,5.98
LABELKRAFT,18.28
LACTOSE,128.21
LADDERUP,57.4
LADDU,11.16
LADIAMO,0.27
LAFFANSQ,23.66
LAGNAM,131.07
LAHL,12.7
LAHOTIOV,133.46
LAKESHORE,25.0
LAKHANI,46.82
LAKHOTIA,66.86
LAKPRE,5.79
LAKSELEC,192.3
LAKSHMIEW,136.8
LAKSHMIMIL,520.26
LAKSHMIO,18.89
LAL,130.91
LALPATHLAB,24629.53
LAMBODHARA,101.81
LANCER,262.74
LANCORHOL,181.05
LANDMARC,188.03
LANDMARK,1682.93
LANDSMILL,148.6
LAOPALA,2067.64
LASA,41.16
LASTMILE,243.0
LATENTVIEW,6968.33
LATIMMETAL,124.74
LATTEYS,125.42
LAURUSLABS,61936.89
LAXMICOT,25.71
LAXMIDENTL,1139.13
LAXMIINDIA,544.34
LAXMIPATI,166.67
LCCINFOTEC,57.67
LEADFIN,5.9
LEEL,11.13
LEENEE,44.08
LEHAR,406.64
LELAVOIR,65.17
LEMERITE,966.63
LEMONTREE,9448.32
LENSKART,85726.23
LERTHAI,41.05
LESHAIND,24.23
LESL,331.01
LEX,34.84
LEXGLOBAL,151.75
LEXORAA,6.97
LEXUS,50.0
LFIC,41.86
LGBBROSLTD,5496.6
LGBFORGE,160.8
LGEINDIA,102832.57
LGHL,1312.76
LGLL,61.81
LGT,51.53
LIBAS,29.3
LIBERTSHOE,426.92
LIBORD,8.79
LIBORDFIN,27.6
LICHSGFIN,29253.82
LICI,519009.81
LIKHAMI,346.71
LIKHITHA,751.73
LIMECHM,9.03
LINAKS,2.39
LINC,621.95
LINCOLN,1182.97
LINDEINDIA,58326.96
LINKPH,12.46
LINKSONI,29.97
LIOTECH,88.33
LIPPISYS,44.61
LKMEHTA,16.69
LKPSEC,133.89
LLFICL,121.69
LLOYDSENGG,7434.62
LLOYDSENT,8597.55
LLOYDSME,78615.8
LMW,15766.36
LODHA,92580.44
LOGICA,340.35
LOGICIEL,33.29
LOKESHMACH,441.04
LONGSPUR,9.82
LONTE,4.44
LOOKS,7.53
LORDSCHLO,364.56
LORDSHOTL,11.23
LORDSMARK,66.97
LOTUSCHO,938.66
LOTUSDEV,6844.29
LOTUSEYE,240.1
LOVABLE,107.51
LOYAL,188.77
LOYALTEX,104.25
LPDC,89.56
LSIND,2742.53
LT,546374.69
LTELEVATOR,380.98
LTF,70807.66
LTFOODS,13669.08
LTM,138927.28
LTTS,37673.28
LUDLOWJUT,280.33
LUMAXIND,5012.98
LUMAXTECH,10960.31
LUPIN,103590.38
LUXIND,3460.72
LUXURY,57.7
LWSKNIT,23.34
LXCHEM,3952.79
LYKALABS,229.65
LYKISLTD,89.36
LYNMC,18.31
LYONSCO,9.2
LYPSAGEMS,14.98
M&M,406922.61
M&MFIN,45963.42
MAAGHADV,571.98
MAAJTL,552.5
MAANALU,803.09
MACH,46.97
MACHLTD,267.14
MACIND,23.32
MACPLASQ,160.28
MACPOWER,994.94
MADALA,296.12
MADHAV,33.11
MADHAVIPL,242.65
MADHUCON,38.29
MADHUDIN,18.38
MADHURIND,2.63
MADHUSE,42.01
MADRASFERT,1114.35
MAFATIND,955.84
MAFIA,3.01
MAFLU,6.05
MAGADSUGAR,655.65
MAGANTR,12.78
MAGENTA,7.51
MAGNAELQ,418.52
MAGNUM,142.11
MAGNUS,32.33
MAHABANK,56079.61
MAHACORP,22.62
MAHALIFE,404.21
MAHALXSE,4.53
MAHANIN,4.49
MAHAPEXLTD,140.57
MAHASTEEL,1403.96
MAHAVEER,5.65
MAHAVIRIND,1.82
MAHEPC,329.62
MAHESH,5.11
MAHESHWARI,149.73
MAHIP,40.89
MAHLIFE,7441.59
MAHLOG,3642.96
MAHSCOOTER,14679.76
MAHSEAMLES,7835.02
MAHSHRE,0.58
MAIDEN,118.05
MAINFRA,108.33
MAITHANALL,2905.26
MAITRI,14.7
MAJESAUT,338.93
MAKERSL,85.05
MAL,19.06
MALLCOM,673.47
MALPANI,71.89
MALUPAPER,55.37
MAMATA,975.3
MANAKALUCO,226.07
MANAKCOAT,1201.86
MANAKSIA,389.63
MANAKSTEEL,412.84
MANALIPETC,967.47
MANAPPURAM,25180.3
MANAS,162.24
MANBA,602.9
MANBRO,426.34
MANCREDIT,374.46
MANGALAM,50.77
MANGALCOMP,67.78
MANGIND,129.75
MANGLAM,7.59
MANGLMCEM,2305.23
MANINDS,3387.59
MANINFRA,4409.16
MANIVENI,75.33
MANJEERA,45.03
MANKIND,91894.84
MANOJJEWEL,40.55
MANOMAY,376.34
MANORAMA,8290.47
MANORG,403.71
MANRAJH,21.94
MANSIFIN,24.86
MANTRA,49.06
MANUGRAPH,44.47
MANYAVAR,10518.69
MAPMYINDIA,5781.29
MAPROIN,41.33
MARALOVER,193.86
MARATHON,3087.78
MARBLE,273.65
MARBU,23.86
MARCLOIRE,33.17
MARG,18.35
MARGOFIN,30.07
MARICO,101409.73
MARINE,2893.44
MARIS,23.84
MARKOLINES,343.55
MARKSANS,8790.29
MARSONS,2411.47
MARUTI,440748.87
MASCH,0.76
MASFIN,5723.01
MASKINVEST,44.06
MASL,4.09
MASTEK,5331.17
MASTERTR,1048.62
MATHEWE,8.59
MATRIMONY,952.86
MAWANASUG,362.0
MAXESTATES,6576.76
MAXGROW,208.86
MAXHEALTH,99174.22
MAXHEIGHTS,19.64
MAXIMAA,4.87
MAXIMUS,137.17
MAXIND,832.57
MAYUR,10.36
MAYURFL,7.7
MAYURUNIQ,2590.49
MAZDA,414.78
MAZDOCK,98569.23
MBAPL,4309.01
MBECL,55.78
MBEL,1785.59
MBLINFRA,399.23
MCCHRLS-B,851.76
MCDHOLDING,96.9
MCFL,93.06
MCL,179.09
MCLEODRUSS,528.25
MCLOUD,1470.52
MCLTD,6.21
MCPL,111.01
MCX,68025.58
MDRC,109.23
MDRNSTL,18.5
MDRNSUT-B,2.25
MEAPL,53.75
MEDANTA,30820.53
MEDIAONE,25.15
MEDIASSIST,2793.88
MEDICAMEQ,393.18
MEDICAPQ,33.98
MEDICO,363.79
MEDPLUS,10223.39
MEERA,95.55
MEESHO,76013.33
MEFCOMCAP,53.43
MEGACOR,56.04
MEGAMONT,249.18
MEGASTAR,300.81
MEGFI,26.11
MEGRISOFT,26.83
MEHAI,105.54
MEHIF,15.24
MEHSECU,10.4
MEHUL,70.73
MEIL,800.07
MELSTAR,6.17
MENAMANI,91.14
MENNPIS,294.68
MENONBE,728.41
MEP,20.0
MERCANTILE,264.86
MERCATOR,25.41
MERCTRD,8.15
MERCURYEV,631.75
MERCURYLAB,94.45
MESCON,132.08
META,1415.84
METAINFO,160.96
METALCO,42.81
METHODHUB,190.71
METKORE,4.65
METROBRAND,28038.28
METROGLOBL,149.3
METROPOLIS,10159.89
METSL,73.82
MFLINDIA,15.18
MFML,25.43
MFSINTRCRP,6.67
MFSL,57325.32
MGEL,428.46
MGIL,21.27
MGL,10779.34
MHEL,24.9
MHLXMIRU,190.73
MHRIL,5294.32
MHSGRMS,4.93
MICEL,972.68
MICROSE,3.0
MIDEASTP,11.11
MIDHANI,6938.73
MIDINDIA,10.84
MIDPOLY,1.6
MIDWEST,5170.6
MIDWESTLTD,4805.2
MIHIKA,12.91
MIIL,1396.76
MIL,30.13
MILEFUR,26.4
MILESTONE,9.42
MILLENNIUM,8.09
MINALIND,48.73
MINAXI,7.56
MINDACORP,13469.53
MINDSPACE,30449.18
MINDTECK,651.87
MINID,217.42
MINOLTAF,14.54
MIRZAINT,454.92
MISHDESIGN,13.58
MISHKA,58.99
MISHKAFIN,68.1
MISHTANN,463.9
MISQUITA,53.06
MITCON,119.6
MITSHI,12.99
MITSU,161.35
MITTAL,21.82
MITTALSTL,36.77
MIVENMACH,24.4
MIZVEN,317.06
MKEXIM,221.03
MKPL,193.68
MKPMOB,39.32
MKTCREAT,6.59
MKVENTURES,371.7
MLINDLTD,6.35
MLKFOOD,147.5
MMFL,2148.66
MMLF,7.34
MMP,641.94
MMRUBBR-B,43.53
MMTC,9578.96
MMWL,1244.36
MNFL,202.62
MNIL,106.24
MNPLFIN,13.9
MOBAVENUE,1901.01
MOBIKWIK,1583.71
MODAIRY,95.18
MODEX,4.0
MODINATUR,479.77
MODINSU,1434.58
MODIPON,46.45
MODIRUBBER,311.72
MODIS,651.32
MODISONLTD,584.73
MODMA,400.2
MODRNSH,9.86
MODTHREAD,157.46
MODULEX,133.37
MODWOOL,5.77
MOHITE,51.43
MOHITIND,34.03
MOHITPPR,39.89
MOIL,6308.81
MOKSH,109.82
MOL,1315.08
MOLDTECH,372.98
MOLDTKPAC,1966.46
MONARCH,2289.47
MONEL,4.69
MONEYBOXX,444.36
MONGIPA,14.41
MONIKA,538.85
MONIND,10.72
MONOT,29.46
MONTECARLO,1158.69
MORARJEE,28.35
MORARKFI,26.34
MOREPENLAB,2283.73
MORGAN,55.87
MOSCHIP,3768.93
MOTHERSON,133108.66
MOTILALOFS,48128.5
MOTISONS,1323.14
MOTOGENFIN,92.06
MOUNT,9.53
MPAGI,5.88
MPCOSEMB,9.02
MPDL,26.95
MPFSL,18.78
MPHASIS,45444.65
MPILCORPL,25.44
MPKSTEELS,123.29
MPL,7.68
MPSLTD,2930.2
MRCAGRO,105.23
MRF,57207.32
MRMGAST,11.15
MRP,101.43
MRPL,29751.96
MRSS,4.39
MRTX,676.53
MRUTR,1420.69
MSAFE,285.15
MSCTC,60.12
MSECL,298.84
MSL,147.04
MSPL,1998.85
MSRINDIA,32.14
MSTCLTD,3336.43
MSUMI,27246.38
MTARTECH,14936.97
MTEDUCARE,11.32
MTL,104.56
MTNL,1898.11
MTPL,44.85
MUDRA,2.13
MUDUNURU,42.35
MUFIN,2004.37
MUFTI,555.65
MUKANDLTD,1907.76
MUKATPIP,23.46
MUKESHB,85.73
MUKKA,689.55
MUKTA,5.99
MUKTAARTS,127.06
MUL,130.43
MULLER,13.77
MULTIBASE,247.77
MULTIIN,6.17
MUNCAPM,111.74
MUNJALAU,820.0
MUNJALSHOW,506.66
MUNOTHFI,14.78
MURAE,42.24
MURUDCERA,195.93
MUTHOOTCAP,355.64
MUTHOOTFIN,138915.2
MUTHOOTMF,3061.35
MUZALI,5.8
MVGJL,794.07
MWL,1011.15
MYMONEY,70.04
MYSORPETRO,63.21
MYSPAPE,88.22
MYSTICELE,48.88
NACDAC,29.92
NACHKNIT,0.68
NACLIND,3657.45
NAGAFERT,249.78
NAGPI,196.6
NAGREEKCAP,34.35
NAGREEKEXP,79.84
NAGTECH,66.1
NAHARCAP,405.53
NAHARINDUS,455.66
NAHARPOLY,598.42
NAHARSPING,800.73
NAKODA,5.7
NAKSH,5.15
NAM,43.69
NAM-INDIA,61855.6
NANTA,180.43
NAPEROL,356.61
NAPL,103.12
NAPSGLOBAL,18.46
NARMADA,125.86
NARMADESH,80.71
NARMP,80.24
NARPROP,25.38
NATCAPSUQ,165.64
NATCOPHARM,17394.81
NATFIT,144.62
NATGENI,24.0
NATHBIOGEN,298.01
NATHIND,102.12
NATHUEC,8.0
NATIONALUM,70532.48
NATIONSTD,2782.16
NATPLAS,42.81
NATPLASTI,141.82
NATPLY,9.57
NATRAJPR,12.88
NATURAL,10.1
NATURO,5.52
NAUKRI,69213.63
NAVA,16867.96
NAVIGANT,26.55
NAVINFLUOR,33441.94
NAVKARCORP,1455.22
NAVKARURB,122.15
NAVNETEDUL,3162.72
NAVODAYENT,4.39
NAZARA,9992.23
NBCC,26182.47
NBFOOT,10.23
NBIFIN,575.16
NBL,107.58
NCC,9505.1
NCCBLUE,19.84
NCCFIN,0.63
NCLIND,825.94
NCLRESE,51.61
NCML,218.82
NDASEC,20.57
NDGL,259.05
NDL,386.35
NDLVENTURE,384.71
NDMETAL,20.56
NDRAUTO,1797.62
NDTV,911.91
NEAGI,202.62
NECCLTD,153.14
NECLIFE,260.39
NEELKAN,10.57
NEELKANTH,19.12
NEERAJ,20.26
NEETUYOSHI,407.96
NEIL,12.96
NELCAST,1076.14
NELCO,1532.47
NEOCORP,5.78
NEOGEN,3968.26
NEOINFRA,21.89
NEPHROPLUS,5745.33
NEPLOG,61.94
NESCO,8112.26
NESTLEIND,256387.95
NETLINK,47.93
NETPIX,10.31
NETRIPPLES,3.76
NETTLINX,41.33
NETWEB,21067.92
NETWORK18,5321.92
NEUEON,549.48
NEULANDLAB,18885.15
NEWGEN,7418.85
NEWINFRA,104.56
NEWLIGHT,12.04
NEWMKTAVE,8.37
NEWTRAC,33.69
NEXOME,79.81
NEXTMEDIA,31.8
NEXUSSURGL,10.26
NEXXUS,63.51
NEYCERI,5.5
NFL,3771.43
NGIL,55.36
NGIND,43.97
NGLFINE,1400.25
NH,37113.93
NHCFOODS,59.04
NHL,24.96
NHPC,78261.33
NIACL,25207.5
NIBE,1693.8
NIBL,74.63
NICCO,4.25
NICCOPAR,340.35
NICCOUCO,2.41
NIDHGRN,266.16
NIHARINF,6.97
NIITLTD,1028.53
NIITMTS,4264.54
NIJJER,9.3
NIKHILAD,351.16
NIKKIGL,7.32
NIKSTECH,20.8
NILACHAL,80.36
NILAINFRA,318.98
NILASPACES,535.23
NILE,493.58
NILKAMAL,1967.4
NIMBSPROJ,399.44
NINSYS,868.73
NIPPOBATRY,262.3
NIRAJ,180.23
NIRAJISPAT,13.56
NIRAVCOM,28.63
NIRLON,4887.35
NIRMITEE,44.74
NISMGMT,112.75
NISUS,548.62
NITCO,2040.93
NITINCAST,281.37
NITINFIRE,53.19
NITINSPIN,2333.17
NITIRAJ,202.32
NITTAGELA,948.81
NIVABUPA,14420.81
NIVAKA,15.55
NIWASSP,2.82
NIYOGIN,488.23
NKIND,39.25
NLCINDIA,39990.05
NLFL,29.41
NMDC,74365.59
NMSGLOBAL,23.14
NNTL,10.58
NOBPOL,1.19
NOCIL,2620.72
NOGMIND,3.2
NOIDATOLL,76.93
NOL,37.0
NORBTEAEXP,129.27
NORRIS,14.02
NORTHARC,4216.61
NORTHLINK,9.8
NOUVEAU,8.74
NOVAAGRI,271.71
NOVARTIND,2558.46
NOVATEOR,19.12
NOVELIX,107.86
NOVIS,45.23
NOVUS,236.52
NPFL,14.81
NPL,270.99
NPRFIN,14.48
NPST,2604.83
NRAIL,765.75
NRBBEARING,2930.33
NRINTER,5.34
NRL,396.53
NSBBPO,149.15
NSDL,18135.44
NSIL,2949.85
NSL,205.32
NSLNISP,12323.16
NTCIND,238.02
NTPC,360545.68
NTPCGREEN,82152.54
NUCLEUS,2147.04
NUKLEUS,82.52
NURECA,258.78
NUTECGLOB,7.97
NUTEK,4.48
NUTRA,7.16
NUTRICIRCLE,357.67
NUVAMA,25370.9
NUVOCO,11452.76
NUWAY,35.46
NVENTURES,50.13
NWIL,803.83
NXST,23869.08
NYKAA,75121.38
NYSSACORP,7.45
OAL,974.94
OASIS,1.0
OASISEC,28.77
OBCL,116.79
OBEROIRLTY,58172.43
OCCLLTD,498.63
OCEANIC,68.65
OCTAL,10.78
OCTAVE,14.72
OCTAVIUSPL,13.19
OCTAWARE,25.59
ODIGMA,81.97
ODYCORP,59.43
ODYSSEY,77.31
OFSS,71002.82
OIL,75874.34
OILCOUNTUB,270.41
OIVL,20.21
OKPLA,187.83
OLAELEC,15198.03
OLATECH,69.78
OLECTRA,9453.92
OLPCL,4.93
OLYMPTX,18.61
OLYMTFI,2.07
OLYOI,7.33
OMAXAUTO,310.93
OMAXE,1411.23
OMEAG,7.63
OMEGAIN,223.81
OMFREIGHT,284.21
OMINFRAL,839.71
OMKAR,4.6
OMKARCHEM,9.15
OMKARPH,27.9
OML,16.26
OMNI,4692.78
OMNIAX,4.01
OMNIPOTENT,2.39
OMNITEX,288.15
OMPOWER,633.36
ONEGLOBAL,861.93
ONELIFECAP,61.38
ONEPOINT,1457.79
ONESOURCE,17806.56
ONGC,338167.71
ONIDA,1151.22
ONIXSOLAR,2013.97
ONMOBILE,546.48
ONTIC,12.4
ONWARDTEC,613.99
OONE,7.77
OPCHAINS,21.04
OPTIEMUS,3629.3
OPTIFIN,103.78
OPTOCIRCUI,53.51
ORBTEXP,464.38
ORCHASP,76.52
ORCHPHARMA,3489.74
ORGANICREC,205.25
ORGCOAT,21.1
ORIBEVER,44.43
ORICONENT,998.42
ORIENTALTL,49.55
ORIENTBELL,438.68
ORIENTCEM,3015.29
ORIENTCER,488.99
ORIENTELEC,3765.71
ORIENTHOT,1834.63
ORIENTLTD,64.28
ORIENTPPR,394.13
ORIENTTECH,1349.12
ORIENTTR,38.54
ORIRAIL,928.76
ORISSAMINE,2481.04
ORISSASP,653.59
ORKLAINDIA,8266.26
OROSMITHS,21.49
ORTEL,5.35
ORTINGLOBE,12.31
OSCARGLO,5.82
OSEASPR,0.36
OSIAHYPER,129.69
OSIAJEE,231.01
OSWALAGRO,636.9
OSWALEA,3.4
OSWALGREEN,681.46
OSWALOR,162.63
OSWALPUMPS,4351.65
OSWALSEEDS,114.59
OSWAYRN,6.84
OTCO,10.94
OVAL,115.19
OVOBELE,145.62
OXFORDIN,7.71
OXYGENTAPH,196.38
PACE,37.06
PACEDIGITK,3823.02
PACIFICI,95.96
PACT,7.54
PADALPO,8.38
PADAMCO,33.64
PADMAIND,5.39
PADMALAYAT,7.13
PAGEIND,39467.46
PAISALO,3823.54
PAJSON,442.11
PAKKA,405.15
PALASHSECU,95.56
PALCO,51.32
PALMJEWELS,17.14
PALREDTEC,48.33
PANABYTE,18.56
PANACEABIO,2394.46
PANACHE,524.22
PANAENERG,223.67
PANAFIC,25.51
PANAMAPET,1839.5
PANCARBON,227.14
PANCHMAHQ,597.43
PANCHSHEEL,152.22
PANCM,96.05
PANELEC,13.72
PANHR,45.4
PANIDPR,8.94
PANINDIAC,23.4
PANJON,39.06
PANKAJPO,34.42
PANORAMA,1105.48
PANSARI,505.77
PANTH,42.24
PAOS,31.37
PAR,112.54
PARACABLES,1349.36
PARADEEP,12889.69
PARAGMILK,2838.42
PARAGONF,21.35
PARAS,6257.23
PARASPETRO,72.38
PARENTLD,10.11
PARKERAC,7.84
PARKHOSPS,9162.38
PARKHOTELS,2580.64
PARLEIND,35.6
PARMAX,13.87
PARMCOS-B,17.32
PARMESHWAR,246.21
PARMSILK,35.33
PARNAXLAB,154.1
PARSHVA,170.73
PARSHWANA,28.5
PARSOLI,48.6
PARSVNATH,295.53
PARVATI,115.09
PASARI,9.69
PASHUPATI,1425.61
PASUFIN,6.12
PASUPTAC,468.07
PASUSPG,27.49
PATANJALI,52391.77
PATELCHEM,196.5
PATELENG,2743.77
PATELRMART,644.52
PATELSAI,147.64
PATIDAR,4.66
PATINTLOG,83.38
PATRON,5.62
PATSPINLTD,23.13
PAUSHAKLTD,1174.92
PAVNAIND,269.32
PAYTM,72425.29
PBAINFRA,13.95
PBFL,0.98
PBGLOBAL,0.16
PBMPOLY,37.27
PCBL,11219.14
PCCOSMA,88.76
PCJEWELLER,7161.92
PCL,33.48
PCS,42.78
PDMJEPAPER,783.66
PDSL,4383.82
PEARLPOLY,32.01
PECOS,36.34
PEETISEC,7.68
PEIL,32.51
PENIND,2243.94
PENINLAND,606.98
PEOPLIN,4.04
PERFEPA,54.54
PERMAGN,710.94
PERSISTENT,83249.34
PERVASIVE,865.36
PESB,393.16
PETPLST,6.17
PETRONET,42156.51
PFC,137600.91
PFIZER,21712.11
PFL,60.57
PFLINFOTC,3.7
PFOCUS,20668.42
PFS,1976.02
PGCRL,32.91
PGEL,15406.21
PGFOILQ,265.37
PGHH,34227.9
PGHL,8923.84
PGIL,7324.2
PHARMAID,121.88
PHCAP,199.95
PHOENIXLTD,62294.06
PHOENXINTL,54.8
PHOSPHATE,51.16
PHOTON,23.97
PHOTOQUP,8.85
PHRMASI,66.45
PHYTO,10.75
PICCADIL,5695.56
PICCASUG,84.3
PICTUREHS,38.48
PIDILITIND,147107.29
PIGL,202.24
PIIND,45536.63
PILANIINVS,5080.8
PILITA,194.66
PINCON,32.18
PINEANIM,709.12
PINELABS,21231.13
PIONAGR,11.13
PIONEEREMB,79.33
PIONRINV,129.35
PIOTEX,22.94
PIPAN,228.3
PIRAMALFIN,41949.96
PITHP,5.58
PITTIENG,3282.19
PIXTRANS,2017.15
PJL,112.56
PKTEA,240.24
PLASTIBLEN,407.06
PLATIND,1232.0
PLAZACABLE,181.2
PMCFIN,134.64
PML,166.36
PMTELELIN,12.19
PNB,131611.2
PNBGILTS,1402.71
PNBHOUSING,24094.9
PNC,32.12
PNCINFRA,5446.39
PNGJL,7879.7
PNGSREVA,1223.19
PNTKYOR,23.93
POBS,22.55
POCL,3852.02
PODDARHOUS,31.08
PODDARMENT,259.81
POEL,552.07
POKARNA,2739.08
POLICYBZR,73571.12
POLOHOT,20.53
POLSON,150.08
POLYCAB,123520.03
POLYCHEM,81.69
POLYCHMP,28.51
POLYCON,11.85
POLYLINK,42.82
POLYMAC,7.62
POLYMED,14890.72
POLYPLEX,2735.57
POLYSPIN,30.34
POLYTEX,7.12
PONNIERODE,246.27
POOJA,24.4
POOJAENT,435.88
POONADAL,37.21
POONAWALLA,35562.55
POPEES,154.36
POPULARES,24.13
PORWAL,79.98
POWERGRID,271274.97
POWERICA,6393.2
POWERINDIA,121537.76
POWERMECH,7253.02
PPAP,299.28
PPARIVAH,258.45
PPL,508.7
PPLPHARMA,21333.42
PQIF,685.94
PRABHA,2227.67
PRABHATAM,42.04
PRABHAVIN,2.26
PRABHHANS,21.18
PRADHIN,20.83
PRADPME,637.0
PRAENG,153.88
PRAGBOS,13.62
PRAJIND,6179.2
PRAKASH,2423.9
PRAKASHSTL,79.48
PRARUH,74.04
PRATIBHA,17.18
PRATIK,43.25
PRATIKSH,10.78
PRAVEG,675.9
PRAXIS,140.37
PRECAM,1382.6
PRECISIO,220.97
PRECOT,649.6
PRECWIRE,6108.55
PREMCAP,26.85
PREMCAPM,5.37
PREMCO,136.85
PREMEXPLN,2910.22
PREMIER,9.06
PREMIERENE,40559.86
PREMIERPOL,572.1
PREMPIPES,1.9
PREMSYN,7.26
PRERINFRA,91.15
PRESSURS,17.61
PRESTIGE,60903.0
PREVEST,507.04
PRICOLLTD,7068.22
PRIMAGR,8.62
PRIMAIN,19.61
PRIMECAPM,6.22
PRIMEFRESH,330.53
PRIMEPRO,41.72
PRIMESECU,951.75
PRIMEURB,22.5
PRIMIND,87.79
PRIMO,532.36
PRINCEPIPE,2819.99
PRISMFN,17.53
PRISMMEDI,15.78
PRISMX,27.88
PRITHVIEXCH,94.81
PRITI,60.58
PRITIKAUTO,227.77
PRIVISCL,11885.33
PRIYALT,6.7
PROCAL,0.35
PROCLB,18.1
PRODOCS,134.64
PROFINC,222.22
PROGREXV,10.05
PROMACT,6.53
PROMAX,42.93
PROSTARM,871.92
PROTEAN,2403.58
PROZONER,790.63
PRSMJOHNSN,6310.84
PRSNTIN,7.17
PRUDENT,10682.41
PRUDMOULI,53.56
PSB,17921.41
PSITINFRA,7.43
PSPL,17.29
PSPPROJECT,3088.37
PTC,5282.29
PTCIL,25891.58
PTIL,107.06
PTL,520.27
PULSRIN,51.47
PUNCTRD,51.25
PUNJABCHEM,1297.29
PUNJCOMMU,63.75
PUNJLLOYD,74.84
PURETROP,136.86
PURITY,0.45
PUROHITCON,6.17
PURPLE,4.46
PURPLEFIN,349.08
PURPLEWAVE,108.37
PURSHOTTAM,27.13
PURVA,5106.42
PVP,770.94
PVRINOX,9770.01
PVSL,721.46
PVVINFRA,64.59
PWASML,24.36
PWL,30701.69
PYRAMID,583.5
PYXISFIN,11.23
QGO,28.61
QLL,419.0
QMSMEDI,198.85
QPOWER,7539.09
QRIL,19.62
QUADFUTURE,1265.15
QUADRANT,21.89
QUANTDIA,6.18
QUASAR,13.33
QUESS,3088.3
QUESTCAP,267.19
QUESTFLOW,199.36
QUICKHEAL,984.21
QUINT,183.68
QUINTEGRA,4.23
RAAJMEDI,118.56
RACE,201.34
RACHIT,73.63
RACLGEAR,1473.83
RACONTEUR,9.61
RADAAN,14.71
RADHEDE,91.61
RADHIKAJWE,750.26
RADIANTCMS,442.53
RADICO,41393.09
RADIOCITY,209.65
RADIXIND,279.36
RAFL,63.2
RAGHUNAT,5.68
RAGHUSYN,402.86
RAGHUTOB,17.84
RAILTEL,10184.63
RAIN,5015.84
RAINBOW,12775.61
RAINBOWDQ,4.57
RAINBOWF,228.04
RAINBOWPAP,4.99
RAJABAH,119.15
RAJESH,1629.43
RAJESHEXPO,3776.91
RAJINFRA,2.19
RAJKOTINV,4.26
RAJKSYN,25.17
RAJMET,107.95
RAJNISH,48.22
RAJOOENG,1080.5
RAJPACK,13.86
RAJPALAYAM,739.38
RAJPUTANA,10.55
RAJRATAN,2180.03
RAJRILTD,1186.02
RAJSEC,323.61
RAJSPTR,18.66
RAJSREESUG,103.73
RAJTUBE,91.4
RAJTV,153.83
RAJVI,9.21
RAJVIR,3.35
RAL,12.19
RALEGRA,48.09
RALLIS,4942.11
RAMANEWS,464.68
RAMAPETRO,19.71
RAMAPHO,480.18
RAMAPPR-B,13.33
RAMASIGNS,2.86
RAMASTEEL,1024.3
RAMAVISION,147.15
RAMCOCEM,23572.28
RAMCOIND,2514.52
RAMCOSYS,1760.34
RAMGOPOLY,28.15
RAMINFO,45.86
RAMKY,3257.0
RAMRAT,3301.21
RAMSONS,28.55
RANASUG,187.79
RANCC,3.1
RANDER,12.58
RANEHOLDIN,1831.36
RANJEET,25.69
RANJITSE,18.7
RAP,20.89
RAPICUT,86.77
RAPID,50.7
RAPIDIN,17.69
RASANDIK,37.16
RASIELEC,41.27
RASRESOR,17.68
RASSIREF,8.3
RATEGAIN,7399.21
RATHIBAR,39.07
RATHIGRA,1.59
RATHIST,181.19
RATNABHUMI,324.1
RATNAKAR,0.03
RATNAMANI,16870.52
RATNAVEER,1055.67
RAUNAQ,15.58
RAVALSUGAR,31.9
RAVEL,110.7
RAWEDGE,19.14
RAYALEMA,63.1
RAYMOND,2950.0
RAYMONDLSL,5149.86
RAYMONDREL,3262.12
RBA,3821.8
RBLBANK,19961.92
RBZJEWEL,531.71
RCAN,23.04
RCCEMEN,8.01
RCCL,11.16
RCF,7099.92
RCL,4.47
RCOM,266.87
RDBIPL,877.31
RDBRL,288.99
RDEL,31.27
RDGAIL,94.09
REALECO,47.14
RECLTD,92824.16
RECODE,211.2
REDINGTON,18990.31
REDTAPE,6939.46
REETECH,12.83
REFEX,3473.07
REFEXRENEW,128.91
REGAAL,762.39
REGAL,14.25
REGANTO,140.48
REGENCERAM,114.97
REGENCY,241.19
REGENTRP,19.74
REGIS,62.97
RELAXO,8282.6
RELCHEMQ,93.31
RELIABLE,143.83
RELIABVEN,24.29
RELIANCE,1873286.78
RELICAB,38.52
RELICTEC,39.85
RELIGARE,7694.88
RELINFRA,3902.04
RELTD,2560.05
REMIEDEL,187.88
REMSONSIND,356.44
RENUKA,5310.17
REPCOHOME,2448.95
REPL,150.7
REPONO,64.19
REPRO,551.36
RESGEN,123.58
RESONANCE,123.61
RESPONIND,4566.28
RESPONSINF,20.67
RESTILE,68.09
RETAGGIO,77.1
RETAIL,17.08
RETINA,85.85
REVAMEDIA,3.22
REXNORD,91.55
REXSEAL,37.97
RFIL,51.71
RFL,41.91
RFLL,16.47
RFSL,22.58
RGF,18.1
RGIL,208.09
RGL,1168.17
RGRL,5.81
RHETAN,2122.99
RHFL,116.83
RHIM,8391.86
RHL,319.7
RIBATEX,67.29
RICHAIND,3.87
RICHUNV,6.45
RICOAUTO,1641.61
RIDDHI,546.14
RIDDHICORP,75.33
RIDHISYN,0.49
RIDINGS,5.72
RIGASUG,7.58
RIIL,1130.45
RIKHAV,178.17
RIR,1391.26
RISAINTL,8.28
RISHABH,1734.3
RISHDIGA,18.94
RISHILASE,109.31
RISHIROOP,84.67
RISHITECH,29.66
RISHYRN,23.92
RITCO,668.22
RITES,10234.08
RITESHIN,52.55
RITHWIKFMS,47.44
RJBIOTECH,3.25
RJSHAH,13.86
RKDAGRRTL,29.86
RKDL,48.66
RKEC,99.29
RKFORGE,9931.88
RKSWAMY,491.77
RLF,9.95
RLFL,93.95
RMC,421.21
RMCL,16.84
RMDRIP,1478.58
RML,2296.82
RMMIL,9.55
RNBDENIMS,812.68
RNITAI,461.92
ROBU,936.07
RODIUM,54.55
ROHLTD,949.05
ROJL,7.86
ROLCOEN,47.74
ROLEXRINGS,3647.16
ROLLT,42.84
ROML,67.3
RONI,52.6
ROOPAIND,38.21
ROOPSHRI,46.81
ROSELABS,22.04
ROSEMER,40.76
ROSSARI,2792.52
ROSSELLIND,249.88
ROSSTECH,3067.32
ROTO,1122.18
ROUTE,3374.25
ROYAL,81.98
ROYALCU,66.79
ROYALIND,68.41
RPEL,3749.11
RPGLIFE,3466.99
RPOWER,11204.58
RPPINFRA,377.51
RPPL,126.62
RPSGVENT,2673.26
RPTECH,2947.13
RRECL,334.16
RRETAIL,49.09
RRFIN,97.11
RRIL,214.78
RRKABEL,18745.03
RRMETAL,28.86
RRP,13407.66
RRPDEFENSE,1098.22
RRSECUR,7.99
RSCINT,21.72
RSDFIN,107.88
RSL,1067.14
RSSOFTWARE,92.04
RSTL,285.07
RSWM,740.91
RSYSTEMS,3535.19
RTFL,63.6
RTNINDIA,4681.55
RTNPOWER,4824.19
RTSPOWR,111.04
RUBFILA,381.99
RUBICON,14784.1
RUBY,3.44
RUBYMILLS,781.96
RUCHINFRA,142.34
RUCHIRA,338.77
RUDRA,195.2
RUDRAECO,249.24
RUDRAGAS,59.83
RUNGTAIR,105.77
RUPA,1163.17
RUPEBAR,8.01
RUSHIL,513.74
RUSTOMJEE,5380.01
RVHL,259.46
RVNL,60262.57
RVTH,199.9
S&SPOWER,423.62
SAATVIKGL,5356.37
SAB,201.23
SABEVENTS,11.72
SABOOSOD,54.78
SACHEMT,49.73
SADBHAV,149.71
SADBHIN,108.84
SADHNANIQ,524.45
SAENTER,17.01
SAFALSEC,0.46
SAFARI,8331.73
SAFE,106.51
SAFECURE,30.58
SAFFRON,21.94
SAGARDEEP,41.95
SAGARSOFT,52.21
SAGARSYST,1.98
SAGCEM,2413.64
SAGILITY,20397.29
SAHARA,33.69
SAHARAHOUS,28.08
SAHLIBHFI,253.51
SAHYADRI,283.6
SAICAPI,46.52
SAICOM,5.85
SAIL,69466.99
SAILANI,7.78
SAILIFE,21500.04
SAINIK,41.82
SAIPARENT,2224.59
SAKAR,1292.11
SAKHTISUG,204.54
SAKSOFT,1929.01
SAKTHIFIN,180.82
SAKUMA,293.01
SALASAR,1304.64
SALAUTO,95.61
SALEM,40.56
SALGUTI,21.42
SALONA,141.15
SALORAINTL,27.76
SALSAIN,216.89
SALSTEEL,482.1
SALZERELEC,1105.39
SAMBANDAM,43.98
SAMBHAAV,136.11
SAMBHV,3031.79
SAMHI,3613.22
SAMINDUS,48.59
SAMKRG,117.86
SAMMAANCAP,14549.81
SAMOR,187.24
SAMPANN,129.05
SAMPAT,42.97
SAMPRE,167.14
SAMRATFORG,105.52
SAMRATPH,65.84
SAMSRITA,36.5
SAMTELIN,18.27
SAMTEX,11.11
SAMYAKINT,13.63
SANATHAN,3552.51
SANBLUE,19.61
SANCF,20.79
SANCODE,87.34
SANCTRN,127.4
SANDESH,754.04
SANDHAR,3304.9
SANDPLAST,4.34
SANDUMA,10354.57
SANDUPHQ,36.7
SANGAMFIN,183.46
SANGAMIND,2410.94
SANGHIIND,1418.12
SANGHVIMOV,2714.47
SANGINITA,52.74
SANGUI,2.17
SANHP,16.35
SANINFRA,89.23
SANJIVIN,208.67
SANKHYAIN,10.8
SANOFI,8307.58
SANOFICONR,10287.17
SANPA,22.74
SANSERA,14502.75
SANSTAR,1737.02
SANTETX,76.71
SANTOSHF,10.89
SANWARIA,26.84
SAPANCHEM,0.99
SAPL,1025.14
SAPPHIRE,6064.89
SAPPL,236.01
SARDAEN,18658.97
SAREGAMA,7091.55
SARLAPOLY,736.64
SARTHAKGL,11.22
SARTHAKIND,26.35
SARUPINDUS,48.99
SARVESHWAR,469.19
SARVOTTAM,15.0
SASHWAT,9.33
SASKEN,2274.95
SATAGRI,6.61
SATANIBRG,576.91
SATCH,60.62
SATIA,623.26
SATIN,1962.27
SATTRIX,364.64
SATTVASUKU,28.4
SAUMYA,95.0
SAURASHCEM,715.59
SAVERA,185.13
SAWACA,20.45
SAYAJIHOTL,495.08
SAYAJIIND,252.96
SBC,1576.17
SBCL,3092.08
SBECSUG,173.17
SBECSYS,18.85
SBFC,10303.9
SBFL,23.41
SBGLP,493.79
SBICARD,66640.05
SBILIFE,192367.62
SBIN,975713.59
SBL,15.14
SBLI,3.18
SBRANDS,12.51
SBVCL,76.59
SCAGRO,107.71
SCANPRO,31.26
SCANSTL,196.98
SCARNOSE,23.16
SCBL,5.24
SCC,13.11
SCDL,166.02
SCHAEFFLER,62397.06
SCHAND,552.84
SCHNEIDER,23708.46
SCI,12458.91
SCILAL,2092.48
SCL,116.83
SCODATUBES,830.83
SCOOBEEDAY,121.89
SCPL,383.55
SCTL,14.65
SDBL,1637.33
SDC,12.01
SDL,21.26
SEACOAST,49.56
SEALMATIC,403.93
SEAMECLTD,3553.54
SEASONST,13.47
SEATV,4.74
SECMARK,122.38
SECURCRED,6.69
SECURKLOUD,74.06
SEDEMAC,8875.49
SEIL,2914.9
SEJALLTD,741.0
SEKURITIND,955.14
SEL,46.33
SELECTRIC,797.5
SELLWIN,148.17
SELMC,99.38
SEMAC,89.01
SEML,204.52
SENCO,5328.49
SENINFO,18.78
SENORES,4187.09
SEPC,1319.83
SERA,260.6
SERVOTECH,1871.01
SESHACHAL,6.16
SESHAPAPER,1557.46
SETCO,253.73
SETL,2747.5
SETUINFRA,5.9
SEVENHILL,5.2
SEVL,65.01
SEYAIND,37.33
SFL,6254.94
SFPIL,16.67
SFSL,19.38
SFTL,6.24
SGFIN,2636.36
SGFRL,273.48
SGIL,820.28
SGL,31.19
SGLRES,71.34
SGMART,6009.55
SGNTE,5.11
SGRL,662.64
SHADOWFAX,8874.33
SHAH,438.78
SHAHALLOYS,131.94
SHAHCON,0.98
SHAHFOOD,9.73
SHAHISHIP,20.58
SHAHLON,201.57
SHAILY,10706.27
SHAKTIPR,31.5
SHAKTIPUMP,6967.53
SHALBY,1765.43
SHALIWIR,78.78
SHALPAINTS,459.34
SHALPRO,46.36
SHAMROIN,11.51
SHANGAR,12.0
SHANKARA,274.54
SHANMUGA,53.86
SHANTAI,45.57
SHANTI,7.72
SHANTIDENM,87.98
SHANTIGEAR,3454.14
SHANTIGOLD,1484.74
SHANTIGURU,10.53
SHAQUAK,4.37
SHARDACROP,9005.17
SHARDAMOTR,4916.91
SHARDUL,255.68
SHAREINDIA,3056.46
SHARIKA,55.77
SHARMEH,41.14
SHARP,172.66
SHARPINV,9.34
SHARPLINE,18.14
SHARVAYA,120.96
SHASHANK,9.88
SHASHIJIT,20.86
SHAWGELTIN,237.56
SHAYONAENG,52.87
SHBAJRG,154.44
SHEKHAWATI,49.08
SHELTER,54.03
SHEMAROO,287.69
SHENTRA,29.86
SHERVANI,91.19
SHESHAINDS,8.79
SHETR,94.6
SHGANEL,9.02
SHHARICH,58.7
SHIKHAR,6.84
SHIKHARLETR,0.4
SHILCTECH,4621.96
SHILGRAVQ,106.48
SHILINDORE,281.29
SHILPAMED,7723.65
SHINDL,598.7
SHINEFASH,70.54
SHIPWAVES,60.88
SHIRPUR-G,14.63
SHISHIND,536.88
SHIVA,5.29
SHIVAAGRO,38.45
SHIVACEM,555.76
SHIVAEXPO,16.53
SHIVAGR,12.19
SHIVALIK,430.46
SHIVAM,169.05
SHIVAMAUTO,250.13
SHIVAMILLS,50.66
SHIVATEX,206.55
SHIVAUM,441.37
SHIVTEXCHEM,307.69
SHK,1986.81
SHKALYN,3.27
SHKARTP,12.68
SHLOKKA,55.59
SHOORA,26.32
SHOPERSTOP,3724.92
SHPLPUNE,241.49
SHRAAITECH,174.0
SHRADDHA,686.76
SHRADHA,294.37
SHRAJOI,11.28
SHRAJSYNQ,55.78
SHRDAIS,84.83
SHREDIGCEM,1076.2
SHREE,22.24
SHREECEM,91553.65
SHREEGANES,24.41
SHREEJISPG,6478.91
SHREENATH,25.8
SHREEPAC,49.91
SHREEPUSHK,1125.81
SHREERAM,152.2
SHREERAMA,677.93
SHREEREF,786.17
SHREESEC,16.51
SHREESHAY,35.73
SHREMETAL,23.58
SHRENIK,24.33
SHRENTI,2.06
SHREYANIND,214.85
SHREYASI,50.6
SHRICON,25.26
SHRIDINE,153.38
SHRIGANG,146.28
SHRIKRISH,109.15
SHRINGARMS,2062.75
SHRINIWAS,35.74
SHRIPISTON,14305.23
SHRIRAMFIN,204051.52
SHRIRAMPPS,1378.59
SHRISTI,66.82
SHRJAGP,526.96
SHRMFGC,14.86
SHRYDUS,10.72
SHTL,35.47
SHUBHAM,70.0
SHUKJEW,10.71
SHUKRAPHAR,1613.79
SHVFL,29.98
SHVSUIT,5.75
SHYAM,4.68
SHYAMACOMP,3.79
SHYAMCENT,114.61
SHYAMMETL,24200.3
SHYAMTEL,15.74
SHYMINV,26.9
SIBARAUT,12.64
SICAGEN,212.17
SICALLOG,897.83
SICAPIT,16.35
SICL,9.66
SICLTD,2.94
SIDDHA,4.68
SIDDHEGA,9.12
SIDH,3.7
SIEL,48.77
SIEMENS,120256.23
SIGACHI,842.61
SIGIND,143.57
SIGMA,457.25
SIGMAADV,3821.37
SIGNATURE,12199.5
SIGNGCL,1.33
SIGNPOST,1312.6
SIGRUN,10.17
SIHORA,31.42
SIIL,11.73
SIKA,2009.09
SIKKO,195.01
SIKOZY,5.91
SIL,97.83
SILGO,205.51
SILICON,0.39
SILINV,466.22
SILLYMONKS,19.92
SILVERLINE,153.83
SILVERO,1.48
SILVERPRL,5.26
SILVERTUC,1854.7
SILVOAK,32.73
SIMANDHAR,38.35
SIMBHALS,35.45
SIMMOND,171.8
SIMPLEXCAS,375.44
SIMPLEXINF,1737.32
SIMPLXMIL,15.95
SIMPLXPAP,4.47
SIMPLXREA,43.56
SIMRAN,66.16
SINCLAIR,396.05
SINDHUTRAD,3615.3
SINGERIND,438.58
SINNAR,31.68
SINTERCOM,226.6
SIPIND,2.81
SIPL,5.54
SIPTL,13.62
SIRCA,2505.3
SIROHIA,7.23
SIS,4889.75
SISL,65.09
SITAENT,47.42
SITINET,36.59
SIYARAM,92.27
SIYSIL,2554.15
SIZEMASTER,304.59
SJCORP,163.05
SJS,5809.57
SJVN,29116.56
SKCIL,280.08
SKFINDIA,8317.08
SKFINDUS,11802.4
SKIEL,23.84
SKIFL,12.72
SKIL,22.67
SKILVEN,9.56
SKIPPER,4816.25
SKL,10.92
SKM,273.44
SKMEGGPROD,988.4
SKP,2.03
SKPMIL,128.43
SKPSEC,68.7
SKRABUL,20.74
SKYBIOTECH,29.04
SKYGOLD,6218.78
SKYIND,67.23
SKYLMILAR,73.29
SLSTLQ,9.06
SMADL,6.95
SMARITIME,6.24
SMARTFIN,24.51
SMARTLINK,137.1
SMARTWORKS,5005.34
SMAUTO,31.77
SMCGLOBAL,1489.35
SMCREDT,28.19
SMEL,11.64
SMENER,4.28
SMFIL,56.14
SMGOLD,17.09
SML,32.54
SMLMAH,5853.48
SMLT,98.83
SMR,178.41
SMRUTHIORG,132.36
SMSPHARMA,3487.54
SMTEL,669.0
SNIM,14.86
SNL,130.7
SNOWMAN,645.67
SOBHA,14905.99
SOBME,744.97
SODHACAP,53.22
SOFCOM,66.58
SOFTRAKV,76.83
SOFTTECH,459.41
SOLANA,5.49
SOLARA,1915.01
SOLARINDS,135237.42
SOLARIUM,394.29
SOLARWORLD,1770.89
SOLEX,1198.67
SOLIDSTON,14.41
SOLIMAC,44.98
SOLVEX,23.99
SOMANYCERA,1784.57
SOMATEX,356.57
SOMICONVEY,124.84
SONACOMS,33742.43
SONAL,144.08
SONALAD,23.96
SONALIS,26.04
SONAMLTD,199.35
SONATSOFTW,7823.8
SOTL,2728.13
SOURCEIND,10.97
SOURCENTRL,79.57
SOUTHBANK,10701.97
SOUTHERNIN,11.3
SOUTHMG,24.88
SOUTHWEST,647.44
SOUTLAT,22.54
SOVERDIA,13.26
SPACAPS,63.79
SPACEINCUBA,8.08
SPAL,1908.14
SPANDANA,1932.03
SPAR,5.16
SPARC,5035.89
SPARKLEGR,33.08
SPCAPIT,34.28
SPCENET,252.71
SPECFOOD,31.98
SPECIALITY,508.32
SPECTRA,3.52
SPECTRUM,2143.12
SPELS,688.32
SPENCERS,314.43
SPENTA,25.92
SPIC,1417.09
SPICEISLIN,171.53
SPICEJET,2391.32
SPICELOUNG,1973.94
SPINAROO,37.69
SPITZE,386.6
SPL,46.32
SPLIL,86.33
SPLPETRO,12700.12
SPML,204.0
SPMLINFRA,1420.51
SPORTKING,1693.22
SPRAYKING,31.37
SPRIGHT,59.58
SPSL,5.22
SPTRSHI,129.17
SPVGLOBAL,2.83
SRAMSET,536.63
SRD,308.06
SRDAPRT,32.54
SRECR,15.65
SREEL,459.11
SRESTHA,42.96
SRF,79697.83
SRGFFL,13.45
SRGHFL,425.9
SRHHYPOLTD,822.36
SRICC,46.66
SRIGEE,46.02
SRIKPRIND,43.93
SRIMT,1.34
SRINACHA,13.51
SRL,4.85
SRM,1067.81
SRMCL,31.28
SRMENERGY,16.42
SRPL,20.69
SRPML,2.13
SRSOLTD,101.18
SRTL,186.0
SRUSTEELS,14.04
SSDL,249.71
SSL,52.69
SSLEL,136.54
SSMD,48.81
SSPDL,19.38
SSPNFIN,3.97
SSTL,49.98
SSWL,3278.05
SSWRL,6.76
STAL,56.23
STALLION,1717.56
STANBIK,43.33
STANCAP,112.17
STANLEY,910.23
STANPACK,6.54
STANROS,26.62
STAR,9013.87
STARCEMENT,8814.23
STARCOM,31.71
STARDELTA,162.22
STARHEALTH,28717.2
STARHFL,61.88
STARIMAGIN,129.93
STARLENT,377.36
STARLIT,3.61
STARLITE,6.22
STARLOG,57.51
STARPAPER,221.34
STARSOURCE,16.74
STARTECK,260.09
STCINDIA,709.0
STCORP,14.42
STDBAT,24.49
STDSFAC,42.91
STDSHOE,10.3
STEELCAS,2551.19
STEELCITY,124.37
STEELCO,59.35
STEELXIND,1174.23
STEERINTER,11.4
STEL,885.89
STELLANT,260.66
STELLAR,14.36
STEP2COR,21.98
STERPOW,14.58
STERTOOLS,838.94
STEWARTQ,3.41
STHINPA,173.58
STL,58.79
STLNETWORK,1145.0
STLSTRINF,18.04
STLTECH,13864.03
STML,68.7
STOVACQ,375.99
STOVEKRAFT,1830.84
STRAEXPO,6.42
STRATMONT,181.34
STRGRENWO,9.53
STUDDS,1928.49
STURDY,3.49
STYL,4160.15
STYLAMIND,4140.96
STYLEBAAZA,2393.86
STYRENIX,3646.78
SUBAM,495.65
SUBEXLTD,554.83
SUBROS,4978.81
SUBSM,26.37
SUCROSA,36.91
SUDAI,38.14
SUDARCOLOR,830.91
SUDARSCHEM,6953.49
SUDARSHAN,682.59
SUDEEPPHRM,7428.39
SUDTIND-B,353.2
SUGALDAM,39.75
SUGSLLOYD,257.99
SUJALA,21.88
SUKHJITS,554.16
SULA,1444.41
SULABEN,26.57
SUMEDHA,31.3
SUMEETINDS,1524.32
SUMERUIND,12.17
SUMICHEM,21531.12
SUMIT,218.54
SUMMITSEC,1779.07
SUNCITYSY,5.93
SUNCLAY,2929.91
SUNDARAM,69.2
SUNDARMFIN,54179.15
SUNDRMBRAK,249.95
SUNDRMFAST,18199.92
SUNDROP,2447.43
SUNFLAG,5165.32
SUNGOLD,5.78
SUNGRAN,12.94
SUNILAGR,25.69
SUNILTX,34.2
SUNITATOOL,491.9
SUNLOC,67.28
SUNPHARMA,421556.63
SUNRAJDI,9.1
SUNRAKSHAK,844.05
SUNRETAIL,5.7
SUNRINV,0.36
SUNSHIEL,789.41
SUNSKY,79.46
SUNTECK,5102.87
SUNTV,22255.88
SUPER,216.68
SUPERBAK,9.68
SUPERHOUSE,167.42
SUPERIOR,5.06
SUPERIRON,93.98
SUPERSHAKT,271.63
SUPERSPIN,33.03
SUPERSYN,1.66
SUPERTEX,6.83
SUPHA,48.19
SUPRAJIT,5982.47
SUPRAPFSL,120.85
SUPRATRE,22.52
SUPREME,209.42
SUPREMEENG,28.28
SUPREMEIND,46514.27
SUPREMEINF,529.63
SUPRIYA,5817.8
SUPTANERY,73.24
SURAJ,250.47
SURAJEST,1038.95
SURAJLTD,430.26
SURAKSHA,1430.75
SURANASOL,123.06
SURANAT&P,248.14
SURATRAML,101.32
SURBHIN,29.37
SURFI,12.6
SURJIND,283.76
SURYAAMBA,35.58
SURYACHAKRA,8.83
SURYAINDIA,12.75
SURYALA,152.68
SURYALAXMI,107.47
SURYAROSNI,5226.18
SURYODAY,1548.63
SURYVANSP,9.2
SUSAN,447.73
SUTLEJTEX,540.42
SUUMAYA,2.8
SUVEN,4673.56
SUVIDHAA,61.85
SUYOG,803.14
SUZLON,67854.14
SVAINDIA,2.69
SVAMSOF,11.48
SVARTCORP,32.02
SVCIND,41.07
SVGLOBAL,251.55
SVJ,254.97
SVLL,699.18
SVPGLOB,43.12
SVRL,578.56
SVS,22.29
SW1,8.71
SWADEIN,118.36
SWADHATURE,4.02
SWADPOL,145.81
SWAGTAM,7.53
SWANAGRO,89.23
SWANCORP,11276.54
SWANDEF,9981.85
SWARAJENG,4493.79
SWARNSAR,69.57
SWASTH,11.21
SWASTIKA,125.28
SWASTIKAAL,45.8
SWASTIVI,34.57
SWATIPRO,32.24
SWELECTES,893.95
SWIGGY,80242.49
SWISSMLTRY,403.91
SWITCHTE,19.74
SWOJAS,34.46
SWORDEDGE,5.0
SWRNASE,24.86
SWSOLAR,4619.16
SYBLY,1.66
SYLPH,63.29
SYMBIOX,5.43
SYMPHONY,5467.36
SYNCOMF,1258.71
SYNGENE,18675.18
SYRMA,17931.52
SYSCHEM,219.89
SYSTEMATIC,399.59
SYSTMTXC,1034.6
SYTIXSE,6.21
TAALTECH,934.01
TACENT,15.09
TAHMARENT,112.7
TAIIND,16.28
TAINWALCHM,179.06
TAJGVK,2139.95
TAKE,568.15
TAKYON,45.64
TALBROAUTO,1802.56
TALBROSENG,332.03
TALWALKARS,4.5
TALWGYM,2.95
TAMBOLIIN,159.39
TANAA,700.24
TANDHANIN,311.86
TANFACIND,4258.4
TANLA,6467.31
TANVI,89.71
TAPARIA,35.23
TARACHAND,492.88
TARAI,11.91
TARAPUR,47.83
TARC,4135.1
TARIL,8882.66
TARINI,11.41
TARMAT,132.08
TARSONS,1114.26
TASHIND,8.65
TASTYBITE,1907.73
TATACAP,140951.67
TATACHEM,18313.48
TATACOMM,47437.82
TATACONSUM,112651.8
TATAELXSI,28537.57
TATAINVEST,33335.23
TATAPOWER,126046.23
TATASTEEL,250562.63
TATATECH,25616.33
TATAYODOGA,91.73
TATIAGLOB,37.47
TATVA,2849.11
TBOTEK,14219.85
TBZ,1025.26
TCC,1820.81
TCFCFINQ,29.39
TCI,7531.15
TCIEXP,2024.18
TCIFINANCE,22.69
TCIIND,127.7
TCMLMTD,36.21
TCPLPACK,2424.54
TCS,934781.75
TDPOWERSYS,15203.05
TDSL,11.97
TEAM24,74.14
TEAMGTY,234.54
TEAMLEASE,2236.07
TECHCON,1.99
TECHIN,21.73
TECHKGREEN,86.84
TECHM,145630.37
TECHNICHEM,81.33
TECHNOE,12845.45
TECHNOFAB,7.19
TECHNOPACK,15.91
TECHNVISN,3694.17
TECHTREK,2.57
TECILCHEM,25.62
TEEAI,64.13
TEGA,12872.83
TEJASNET,7821.73
TEJASSVI,23.96
TEJNAKSH,29.51
TELECABL,1.68
TELECANOR,31.1
TELGE,102.1
TELOGICA,61.3
TEMBO,900.0
TENNIND,22697.59
TERAI,72.08
TERASOFT,470.16
TERRAFORM,0.18
TERRAREAL,0.33
TEXELIN,99.26
TEXINFRA,1242.07
TEXMOPIPES,131.61
TEXRAIL,4432.92
TFCILTD,3270.18
TFL,71.44
TFSL,12.91
TGBHOTELS,26.96
TGIF,22.95
TGVSL,1052.8
THACKER,123.48
THAKDEV,115.14
THAKKERS,3.56
THAKRAL,17.03
THANGAMAYL,12435.81
THEINVEST,538.94
THEJO,1840.09
THELEELA,14335.8
THEMISMED,846.08
THERMAX,44153.48
THINKINK,28.48
THOMASCOOK,5050.08
THOMASCOTT,424.86
THREEMPAPE,53.65
THRIVE,110.07
THYROCARE,6975.51
TI,10133.88
TIAANC,14.72
TICL,356.01
TIERRA,282.42
TIGERLOGS,346.17
TIGLOB,89.76
TIHIL,36.45
TIIL,5306.25
TIINDIA,52954.54
TIJARIA,13.27
TIL,1458.53
TILAK,146.18
TIMESGREEN,26.38
TIMETECHNO,8876.89
TIMEX,3420.92
TIMKEN,25259.23
TINNARUBR,1319.52
TIPCO,289.7
TIPSFILMS,157.24
TIPSMUSIC,7446.49
TIRIN,2.04
TIRSARJ,30.06
TIRTPLS,11.73
TIRUFIN,74.16
TIRUFOAM,35.29
TIRUMALCHM,2307.46
TIRUPATIFL,512.68
TIRUPATIIN,59.41
TIRUSTA,141.18
TITAANIUM,25.65
TITAGARH,10359.97
TITAN,373566.29
TITANBIO,1479.09
TITANIN,77.45
TITANSEC,104.74
TLL,314.14
TMB,10450.92
TMCV,157503.29
TMPV,131044.05
TMTIND-B1,3.56
TNPETRO,816.07
TNPL,977.7
TNSTLTU,14.0
TNTELE,42.41
TOKYOFIN,14.79
TOKYOPLAST,84.35
TOLINS,437.59
TORNTPHARM,143557.29
TORNTPOWER,73808.81
TOTAL,95.01
TOTEM,706.41
TOUCHWOOD,87.8
TOYAMSL,48.78
TPHQ,61.28
TPINDIA,72.77
TPLPLASTEH,510.89
TPROJECT,8.53
TRABI,17.92
TRACXN,355.88
TRADEUNO,205.65
TRADEWELL,21.5
TRADWIN,187.4
TRANOCE,0.08
TRANSCHEM,236.43
TRANSCOR,84.86
TRANSFD,6.62
TRANSFRE,16.31
TRANSPACT,7.02
TRANSPEK,608.84
TRANSRAILL,7032.38
TRANSVOY,27.57
TRANSWORLD,350.86
TRANWAY21,4.61
TRAVELFOOD,15835.15
TRAVELS,36.56
TREEHOUSE,32.64
TREJHARA,363.31
TREL,624.08
TRENDELEC,9.65
TRENT,144052.64
TRESCON,64.35
TRF,280.58
TRICOMFRU,3.23
TRIDENT,12913.15
TRIDETOOL,9.9
TRIGYN,172.5
TRILIANCE,23.61
TRINITYLEA,9.67
TRIOMERC,7.44
TRIPR,0.43
TRISHAKT,240.15
TRITONV,452.61
TRITURBINE,17414.26
TRIUMPIN,13.75
TRIVENI,8328.5
TRIVENIENT,6.43
TRIVENIGQ,9.21
TRL,126.28
TRU,76.32
TRUALT,3694.98
TRUECOLORS,416.07
TRUEGREEN,407.01
TRUSTEDGE,133.25
TRUSTWAVE,12.66
TSFINV,8985.39
TSPIRITUAL,3.56
TTC,53.79
TTFL,144.38
TTGIL,98.31
TTIENT,22.34
TTKHLTCARE,1285.23
TTKPRESTIG,7319.49
TTL,212.0
TTML,8339.07
TULASEEBIOE,18.39
TULIVE,197.45
TULSI,2.72
TULSYAN,52.77
TUNITEX,14.47
TURTLEMINT,4003.22
TUSALDAH,34.5
TUTIALKA,628.47
TVOLCON,0.6
TVSELECT,798.95
TVSHLTD,28611.26
TVSMOTOR,170886.13
TVSSCS,4991.99
TVSSRICHAK,2990.41
TVTODAY,699.09
TVVISION,22.46
TWIROST,0.82
TYCHE,122.75
TYPHOON,0.36
TYROON,30.99
UBL,39197.33
UCAL,229.8
UCIL,428.51
UCOBANK,33813.29
UDAYJEW,334.01
UDS,1093.77
UEL,3495.93
UFBL,1278.78
UFLEX,3150.22
UFMINDL,11.27
UFO,281.28
UGARSUGAR,444.26
UGROCAP,1631.52
UHMVL,65.16
UHZAVERI,43.28
UJJIVANSFB,11186.28
ULTRACAB,92.58
ULTRACEMCO,348419.69
ULTRAMAR,1194.93
UMAEXPORTS,92.37
UMESLTD,14.2
UMIYA,38.22
UMIYA-MRO,158.81
UML,80.72
UNIABEXAL,661.55
UNIAUTO,69.55
UNICHEMLAB,2625.83
UNICK,25.34
UNIDT,405.44
UNIECOM,1095.98
UNIENTER,771.82
UNIFIED,735.61
UNIIN,0.85
UNIINFO,14.02
UNIJOLL,0.09
UNIMECH,4776.34
UNIMERQ,9.02
UNIOFFICE,10.96
UNIONBANK,133704.45
UNIONBE,0.73
UNIPARTS,2330.04
UNIPLY,65.59
UNIQUEO,54.57
UNIROYAL,16.44
UNISEM,65.12
UNISHIRE,3.68
UNISON,30.34
UNISTRMU,8.33
UNITDCR,14.45
UNITDSPR,96381.58
UNITECH,1271.12
UNITEDINT,13.23
UNITEDPOLY,719.39
UNITEDTE,4.93
UNITEDTEA,253.56
UNITINT,3.65
UNITY,9.67
UNIVAFOODS,12.52
UNIVARTS,4.76
UNIVASTU,250.63
UNIVCABLES,2903.6
UNIVPHOTO,407.3
UNIVSTAR,62.74
UNIWSEC,1.25
UNJHAFOR,9.43
UNOMINDA,65405.51
UNQTYMI,7.68
UNRYLMA,9.28
UNTTEMI,12.26
UPHOT,778.53
UPL,56054.64
UPROTECH,13.14
UPSURGE,138.46
URAVIDEF,167.14
URBANCO,18716.32
URJA,533.84
URSUGAR,14.44
USGTECH,38.83
USHAKIRA,12.11
USHAMART,13490.39
USHDI,34.86
USK,128.65
UTIAMC,12745.64
UTIQUE,24.0
UTKARSHBNK,2412.64
UTLINDS,5.76
UTLSOLAR,7461.46
UTTAMSUGAR,876.87
UVDRHOR,274.48
UVS,345.35
UYFINCORP,265.35
V2RETAIL,7650.38
VAARAD,253.47
VADIDAI,2.95
VADILALIND,3483.17
VADILENT,855.1
VAHH,54.5
VAIBHAVGBL,3736.4
VAICC,4.05
VAISHALI,96.15
VAKRANGEE,712.8
VALECHAENG,42.81
VALENCIA,111.6
VALIANT,1162.16
VALIANTLAB,356.44
VALIANTORG,727.75
VALINDIA,22.86
VALLABHSQ,5.5
VALLEY,1.38
VALPLAST,95.43
VALSONQ,22.22
VALUEIND,8.9
VAMA,21.06
VAML,180909.3
VAMSHIRU,18.3
VANDAN,31.38
VANDU,96.59
VANICOM,14.84
VANTABIO,14.11
VAPIENTER,23.98
VARDHACRLC,308.36
VARDHMAN,6.03
VARDMNPOLY,323.51
VARIMAN,88.5
VARROC,8434.1
VARUNME,0.21
VARUNSHIP,146.41
VARYAA,15.12
VASCONEQ,860.09
VASHISHTHA,16.33
VASINFRA,16.55
VASUDHAGAM,7.34
VASUPRADA,84.24
VASWANI,179.16
VBDESAI,8.25
VBIND,8.7
VBL,161045.52
VCL,31.43
VCU,10.84
VEDANTASSET,11.97
VEDAVAAG,49.55
VEDL,122260.19
VEDPOWER,16346.49
VEEDOL,2488.76
VEEFIN,753.12
VEERENRGY,18.69
VEERHEALTH,42.51
VEERKRUPA,8.72
VEGA,326.65
VEL,40.65
VELHO,18.82
VELJAN,479.41
VELOX,13.56
VENKEYS,2047.75
VENLONENT,26.67
VENMAX,22.95
VENTIVE,15695.01
VENTURA,17.03
VENUSPIPES,2531.73
VENUSREM,1350.61
VERANDA,1878.46
VERITAS,454.18
VERONICAPRO,2.28
VERTEX,32.25
VERTOZ,414.73
VESUVIUS,9782.68
VETO,209.23
VGCL,95.7
VGIL,184.54
VGL,331.5
VGPRFOO,1.81
VGUARD,13959.57
VHL,1074.04
VHLTD,943.8
VIAANINDUS,10.69
VICTENT,1.18
VICTMILL,57.52
VIDEOIND,242.48
VIDHIING,1518.38
VIDYAWIRES,1463.56
VIJAYA,11145.2
VIJAYTX,11.28
VIJIFIN,46.42
VIJSOLX,183.7
VIKALPS,8.35
VIKASECO,246.57
VIKASLIFE,285.69
VIKASPROP,15.1
VIKASWSP,21.09
VIKRAMAR,20.61
VIKRAMSOLR,7463.64
VIKRAMTH,516.25
VIKRAN,1915.1
VIKSHEN,0.08
VIMTALABS,2160.62
VINATIORGA,14547.78
VINAYAKPOL,7.22
VINCOFE,2077.69
VINDHYATEL,1700.22
VINEETLAB,64.18
VINNY,53.2
VINRKLB,18.02
VINTAGES,5.45
VINVANI,0.21
VINYLINDIA,427.12
VINYOFL,21.9
VIPCLOTHNG,214.83
VIPIND,4774.96
VIPPYSP,94.89
VIPULLTD,151.34
VIPULORG,388.54
VIRAT,419.55
VIRATCRA,71.45
VIRGOGLOB,5.35
VIRINCHI,193.22
VIRPOLY,0.37
VIRTUALG,25.9
VIRYA,87.84
VISACHROME,511.16
VISAGAR,21.42
VISAKAIND,575.71
VISHAL,532.84
VISHALBL,63.76
VISHNU,3691.87
VISHWARAJ,125.38
VISIONCINE,8.09
VISIONCO,5.56
VISL,10636.79
VISTAPH,45.69
VISTARAMAR,99.4
VISUINTL,1.66
VISVEN,14.86
VITAL,128.81
VIVAA,15.67
VIVANTA,23.43
VIVANZA,7.91
VIVIANA,852.24
VIVIDHA,16.47
VIVIDIND,17.81
VIVIDM,72.11
VIVIMEDLAB,60.45
VIVOBIOT,59.5
VIYASH,8593.58
VJLAXMIE,20.28
VJTFEDU,146.65
VKAL,37.01
VKGLOBAL,10.51
VKJINFRA,6.9
VLEGOV,154.47
VLL,110.22
VLSFINANCE,782.08
VMART,4965.15
VMM,55796.21
VMS,59.82
VMSTMT,230.54
VOEPL,1131.15
VOGL,13159.17
VOITHPAPR,679.81
VOLKAI,6.57
VOLLF,4.99
VOLTAMP,9041.77
VOLTAS,45610.52
VPAL,233.69
VPL,21.79
VPRPL,508.38
VRAJ,408.69
VRFILMS,15.42
VRL,44.06
VRLLOG,4509.3
VRUDDHI,53.02
VSDCONF,9.92
VSFPROJ,62.46
VSL,114.99
VSSL,2524.98
VSTIND,4119.97
VSTL,226.27
VSTTILLERS,4523.1
VTL,15732.94
VTMLTD,727.51
VVIPIL,287.43
VXLINSTR,4.67
WAA,72.86
WAAREE,236.88
WAAREEENER,86083.82
WAAREEINDO,1716.18
WAAREERTL,9723.55
WABAG,8569.17
WAGEND,5.22
WAKEFIT,5147.6
WALCHANNAG,1359.75
WALCHPF,34.99
WALLFORT,74.73
WANBURY,865.91
WARDHEALTH,1.11
WARDINMOBI,211.86
WARDWIZFBL,250.78
WARRENTEA,49.48
WATERBASE,194.91
WCIL,1058.46
WEALTH,973.97
WEBELSOLAR,3659.13
WEIZMANIND,130.18
WEL,1586.24
WELCORP,27068.99
WELCURE,38.03
WELENT,6852.32
WELINV,529.58
WELSPLSOL,2693.15
WELSPUNLIV,12646.91
WELTI,10.29
WENDT,1400.68
WEPSOLN,83.91
WESTLEIRES,29.9
WESTLIFE,7476.8
WEWIN,49.66
WEWORK,7453.36
WHBRADY,140.19
WHEELS,2736.92
WHIRLPOOL,10841.65
WHITEORG,13.46
WILLAMAGOR,30.18
WILLARD,16.18
WILLIMFI,5.98
WIMPLAST,451.15
WINDLAS,1695.9
WINDMACHIN,2354.99
WINPRO,22.19
WINROC,30.62
WINSOMBR,63.01
WINSOME,13.41
WINSOMEDJ,3.73
WINSOMTX,155.02
WIPL,129.04
WIPRO,219093.66
WIREFABR,47.16
WISEC,3.44
WITS,6.93
WMINIMT,0.17
WOCKPHARMA,24395.74
WOMENNET,3.53
WONDERLA,3199.03
WOODSVILA,8.4
WORKMATES,428.93
WORL,23.56
WORTH,149.46
WORTHPERI,211.35
WOSAL,12.46
WPIL,4027.87
WSFX,77.76
WSI,534.44
WSTCSTPAPR,2984.35
WWALUM,6.42
XCHANGING,736.67
XCLGLASS,6.56
XELPMOC,163.48
XLENERGY,0.84
XPROINDIA,2442.39
XTGLOBAL,411.37
YAANENT,31.0
YAASHVI,158.93
YAJUR,124.33
YAMNINV,62.2
YARNSYN,30.58
YASHCHEM,59.65
YASHHTEJ,141.9
YASHHV,1608.74
YASHINNO,67.86
YASHMGM,14.79
YASHO,2030.38
YASHRAJC,8.34
YATHARTH,6993.47
YATRA,1898.65
YESBANK,66849.24
YOGI,709.57
YOGISUNG,11.59
YORKEXP,20.21
YSL,866.83
YUG,27.99
YUKEN,992.32
YUNIKM,10.44
YURANUS,48.71
YUVRAAJHPL,63.12
ZAGGLE,3310.76
ZAPPFRESH,237.81
ZARCOLEA,0.08
ZBINTXPP,154.27
ZDHJERK,9.74
ZEAL,160.29
ZEEL,8578.3
ZEELEARN,202.57
ZEEMEDIA,515.85
ZELIO,841.86
ZENIFIB,20.8
ZENITHCOMP,1.39
ZENITHEXPO,109.31
ZENITHHE,17.36
ZENITHSTL,82.69
ZENLABS,15.83
ZENOTECH,272.85
ZENSARTECH,12794.08
ZENTEC,13595.37
ZFCVINDIA,27784.79
ZFSTEERING,671.19
ZGAEKWAR,2.94
ZGOLDINV,0.95
ZHEMHOLD,2.46
ZHINDHSG,0.09
ZHINUDYP,2.05
ZICOM,7.3
ZIMLAB,428.03
ZINEMA,13.02
ZJEETMAC,0.13
ZKHANDEN,12.7
ZKOVALIN,3.08
ZMANSOON,0.56
ZMILGFIN,119.29
ZMULTIPU,4.82
ZNILKENG,0.32
ZNIVITRD,1.49
ZODIAC,417.65
ZODIACLOTH,207.91
ZODIACVEN,14.43
ZODJRDMKJ,39.95
ZOTA,4253.26
ZPRBHSTE,12.85
ZR2,52.23
ZSARACOM,1155.26
ZSARVAMA,1.31
ZSATYASL,0.64
ZSHERAPR,1.38
ZSOUTGAS,0.06
ZSPEEDCO,0.93
ZSVARAJT,12.04
ZSVTRADI,13.18
ZUARI,995.25
ZUARIIND,776.0
ZWELCAST,45.87
ZYDUSLIFE,95654.97
ZYDUSWELL,14679.56
